product_id,product_name,category,brand,unit_price,product_rating
P00001,Core Classic 0001,Grocery,Core,43.05,4.9
P00002,Orion Pro 0002,Sports,Zenith,11.4,4.1
P00003,Apex Essential 0003,Accessories,Nova,171.12,4.5
P00004,Urban Pro 0004,Books,Prime,81.79,4.7
P00005,Prime Series 0005,Office,Apex,61.18,3.9
P00006,Prime Series 0006,Home & Kitchen,Vertex,133.14,4.3
P00007,Vertex Plus 0007,Electronics,Prime,42.32,4.7
P00008,Prime Pro 0008,Electronics,Orion,27.14,5.0
P00009,Prime Essential 0009,Accessories,Orion,44.78,3.9
P00010,Zenith Series 0010,Electronics,Vertex,138.32,3.5
P00011,Urban Essential 0011,Fashion,Nexa,15.65,4.4
P00012,Nova Max 0012,Home & Kitchen,Orion,136.84,4.2
P00013,Zenith Essential 0013,Beauty,Nexa,10.36,4.1
P00014,Vertex Essential 0014,Electronics,Core,56.55,3.8
P00015,Nova Series 0015,Electronics,Core,86.88,4.6
P00016,Nexa Classic 0016,Beauty,Urban,62.51,3.8
P00017,Nova Max 0017,Beauty,Orion,89.85,3.7
P00018,Urban Plus 0018,Toys,Vertex,31.21,4.0
P00019,Nova Essential 0019,Grocery,Urban,11.13,4.6
P00020,Apex Series 0020,Grocery,Apex,90.07,3.4
P00021,Nova Essential 0021,Grocery,Prime,184.77,3.5
P00022,Urban Classic 0022,Accessories,Orion,30.18,3.6
P00023,Vertex Classic 0023,Electronics,Pulse,64.66,5.0
P00024,Vertex Pro 0024,Accessories,Vertex,16.64,4.3
P00025,Orion Essential 0025,Office,Vertex,15.54,3.5
P00026,Urban Pro 0026,Grocery,Apex,38.55,4.0
P00027,Apex Classic 0027,Electronics,Orion,18.18,4.5
P00028,Orion Plus 0028,Toys,Zenith,38.17,5.0
P00029,Prime Classic 0029,Accessories,Orion,535.2,3.3
P00030,Core Pro 0030,Beauty,Zenith,18.54,3.5
P00031,Nexa Classic 0031,Accessories,Nexa,47.6,3.9
P00032,Urban Essential 0032,Electronics,Vertex,7.19,3.9
P00033,Core Essential 0033,Accessories,Core,56.05,3.9
P00034,Nexa Pro 0034,Books,Nova,18.55,4.0
P00035,Vertex Plus 0035,Beauty,Nexa,45.55,5.0
P00036,Prime Classic 0036,Sports,Zenith,44.46,3.4
P00037,Nova Series 0037,Toys,Vertex,39.67,4.2
P00038,Urban Pro 0038,Office,Core,14.92,4.4
P00039,Nexa Series 0039,Beauty,Pulse,27.11,3.3
P00040,Pulse Plus 0040,Grocery,Zenith,43.27,4.9
P00041,Core Pro 0041,Fashion,Urban,28.13,4.0
P00042,Pulse Series 0042,Home & Kitchen,Nova,123.76,3.5
P00043,Urban Pro 0043,Electronics,Nexa,36.32,5.0
P00044,Orion Max 0044,Books,Zenith,14.32,4.5
P00045,Zenith Pro 0045,Home & Kitchen,Core,51.61,3.8
P00046,Nexa Pro 0046,Grocery,Nova,3.87,4.5
P00047,Zenith Essential 0047,Office,Vertex,204.54,4.3
P00048,Orion Essential 0048,Beauty,Apex,7.44,3.3
P00049,Pulse Essential 0049,Accessories,Apex,78.43,3.3
P00050,Nexa Pro 0050,Beauty,Apex,68.17,4.3
P00051,Pulse Plus 0051,Beauty,Prime,12.65,3.1
P00052,Apex Classic 0052,Grocery,Apex,57.91,4.7
P00053,Nova Essential 0053,Grocery,Vertex,18.82,3.3
P00054,Orion Max 0054,Sports,Apex,30.16,4.6
P00055,Urban Max 0055,Fashion,Zenith,53.45,4.9
P00056,Apex Max 0056,Home & Kitchen,Apex,33.51,4.4
P00057,Core Series 0057,Accessories,Pulse,14.23,2.1
P00058,Apex Series 0058,Accessories,Pulse,50.64,4.7
P00059,Pulse Pro 0059,Sports,Prime,29.02,3.9
P00060,Nexa Max 0060,Grocery,Apex,31.68,4.1
P00061,Apex Max 0061,Toys,Vertex,33.41,3.7
P00062,Vertex Essential 0062,Fashion,Apex,10.43,5.0
P00063,Pulse Series 0063,Sports,Pulse,12.72,4.2
P00064,Orion Pro 0064,Accessories,Vertex,20.6,3.9
P00065,Nova Series 0065,Beauty,Apex,50.64,4.8
P00066,Pulse Series 0066,Fashion,Zenith,15.17,4.6
P00067,Urban Max 0067,Toys,Prime,102.07,3.5
P00068,Pulse Classic 0068,Grocery,Orion,41.97,4.3
P00069,Urban Essential 0069,Sports,Nexa,48.58,4.2
P00070,Prime Max 0070,Grocery,Vertex,25.97,3.3
P00071,Zenith Series 0071,Sports,Vertex,8.32,4.6
P00072,Core Essential 0072,Accessories,Orion,56.49,4.1
P00073,Prime Essential 0073,Toys,Orion,18.27,5.0
P00074,Orion Pro 0074,Sports,Prime,9.14,4.9
P00075,Orion Pro 0075,Accessories,Nova,16.51,4.2
P00076,Core Max 0076,Sports,Prime,32.58,4.1
P00077,Urban Pro 0077,Grocery,Pulse,4.12,3.0
P00078,Zenith Series 0078,Beauty,Pulse,25.86,4.6
P00079,Pulse Plus 0079,Accessories,Orion,86.73,4.1
P00080,Core Classic 0080,Books,Zenith,36.02,3.8
P00081,Apex Series 0081,Books,Urban,103.01,4.1
P00082,Zenith Plus 0082,Fashion,Nexa,24.35,5.0
P00083,Pulse Series 0083,Fashion,Prime,98.81,4.9
P00084,Core Max 0084,Beauty,Urban,10.46,4.8
P00085,Pulse Classic 0085,Electronics,Apex,60.05,3.5
P00086,Apex Pro 0086,Books,Nova,31.75,5.0
P00087,Pulse Essential 0087,Electronics,Apex,118.48,3.8
P00088,Urban Plus 0088,Beauty,Core,24.15,4.5
P00089,Pulse Max 0089,Toys,Vertex,13.57,4.4
P00090,Vertex Series 0090,Books,Orion,55.22,4.0
P00091,Prime Essential 0091,Grocery,Apex,154.13,4.2
P00092,Urban Series 0092,Beauty,Nexa,43.29,3.2
P00093,Nova Essential 0093,Accessories,Apex,33.7,4.1
P00094,Pulse Series 0094,Office,Pulse,11.73,4.0
P00095,Nova Pro 0095,Grocery,Urban,82.07,5.0
P00096,Zenith Classic 0096,Sports,Prime,33.41,4.1
P00097,Orion Pro 0097,Books,Prime,65.76,3.7
P00098,Apex Classic 0098,Sports,Prime,41.8,4.2
P00099,Core Essential 0099,Books,Orion,219.5,3.7
P00100,Urban Series 0100,Electronics,Zenith,21.19,3.3
P00101,Nexa Max 0101,Beauty,Zenith,21.9,4.3
P00102,Pulse Pro 0102,Accessories,Zenith,87.13,4.1
P00103,Apex Series 0103,Beauty,Prime,89.08,4.6
P00104,Pulse Max 0104,Home & Kitchen,Nova,91.65,4.9
P00105,Nexa Plus 0105,Books,Orion,34.6,5.0
P00106,Nexa Plus 0106,Home & Kitchen,Prime,42.19,4.2
P00107,Nexa Classic 0107,Fashion,Prime,10.41,4.5
P00108,Nova Essential 0108,Toys,Prime,30.28,4.3
P00109,Zenith Essential 0109,Beauty,Nexa,44.9,2.8
P00110,Zenith Max 0110,Electronics,Vertex,44.92,4.8
P00111,Orion Max 0111,Accessories,Apex,17.7,4.4
P00112,Pulse Max 0112,Books,Prime,13.01,4.4
P00113,Nova Essential 0113,Accessories,Core,89.58,3.8
P00114,Prime Classic 0114,Fashion,Nova,77.79,3.7
P00115,Apex Series 0115,Sports,Vertex,28.4,4.1
P00116,Prime Max 0116,Accessories,Nova,88.64,4.4
P00117,Zenith Pro 0117,Books,Zenith,81.52,3.0
P00118,Apex Series 0118,Home & Kitchen,Zenith,7.73,4.2
P00119,Zenith Max 0119,Electronics,Vertex,31.88,5.0
P00120,Urban Classic 0120,Accessories,Apex,116.76,4.0
P00121,Pulse Series 0121,Electronics,Core,8.37,3.0
P00122,Nexa Series 0122,Sports,Zenith,9.48,4.0
P00123,Nexa Classic 0123,Electronics,Orion,61.52,4.3
P00124,Pulse Max 0124,Sports,Vertex,112.0,4.3
P00125,Nexa Pro 0125,Sports,Vertex,27.21,4.2
P00126,Nexa Essential 0126,Toys,Urban,22.94,5.0
P00127,Zenith Plus 0127,Toys,Core,7.58,4.2
P00128,Pulse Classic 0128,Office,Urban,26.76,4.2
P00129,Zenith Classic 0129,Electronics,Vertex,9.31,3.8
P00130,Orion Plus 0130,Accessories,Apex,25.44,4.6
P00131,Orion Essential 0131,Electronics,Vertex,113.87,5.0
P00132,Nova Classic 0132,Sports,Prime,10.92,3.8
P00133,Nova Pro 0133,Toys,Urban,27.89,4.0
P00134,Orion Plus 0134,Grocery,Vertex,75.96,2.8
P00135,Core Essential 0135,Home & Kitchen,Apex,17.4,3.6
P00136,Orion Max 0136,Electronics,Nova,50.52,5.0
P00137,Urban Max 0137,Beauty,Nova,72.57,3.9
P00138,Orion Plus 0138,Beauty,Orion,37.56,4.2
P00139,Zenith Plus 0139,Office,Apex,38.26,3.7
P00140,Nova Series 0140,Books,Vertex,13.03,4.3
P00141,Vertex Pro 0141,Electronics,Nova,24.43,4.0
P00142,Vertex Series 0142,Electronics,Zenith,40.5,4.3
P00143,Apex Classic 0143,Fashion,Vertex,6.32,4.2
P00144,Urban Series 0144,Sports,Prime,4.63,4.9
P00145,Urban Plus 0145,Books,Zenith,30.49,4.2
P00146,Urban Plus 0146,Sports,Urban,49.22,3.6
P00147,Prime Essential 0147,Sports,Core,37.89,3.8
P00148,Nexa Plus 0148,Accessories,Nova,8.14,3.1
P00149,Nova Max 0149,Home & Kitchen,Vertex,94.49,4.2
P00150,Zenith Classic 0150,Electronics,Pulse,38.42,4.1
P00151,Nexa Max 0151,Books,Orion,83.85,4.9
P00152,Apex Essential 0152,Accessories,Nexa,19.7,3.5
P00153,Pulse Classic 0153,Toys,Nova,44.43,3.7
P00154,Nova Plus 0154,Grocery,Nova,55.91,3.7
P00155,Zenith Classic 0155,Sports,Apex,86.44,4.0
P00156,Zenith Plus 0156,Office,Orion,80.1,3.4
P00157,Core Essential 0157,Beauty,Pulse,17.04,3.9
P00158,Pulse Essential 0158,Books,Prime,31.54,4.1
P00159,Vertex Plus 0159,Fashion,Orion,21.86,4.1
P00160,Pulse Classic 0160,Electronics,Prime,39.81,4.8
P00161,Orion Pro 0161,Beauty,Pulse,9.6,4.1
P00162,Core Plus 0162,Accessories,Vertex,8.37,4.1
P00163,Orion Max 0163,Beauty,Urban,299.59,4.7
P00164,Vertex Max 0164,Electronics,Nexa,199.77,4.1
P00165,Urban Classic 0165,Beauty,Core,99.95,3.4
P00166,Vertex Plus 0166,Toys,Pulse,54.12,3.5
P00167,Apex Essential 0167,Fashion,Orion,70.33,3.5
P00168,Apex Classic 0168,Office,Prime,70.51,3.4
P00169,Zenith Pro 0169,Books,Urban,155.18,5.0
P00170,Core Series 0170,Electronics,Vertex,22.47,3.5
P00171,Urban Series 0171,Beauty,Vertex,17.7,4.1
P00172,Core Essential 0172,Fashion,Nova,34.52,4.1
P00173,Core Plus 0173,Electronics,Nexa,59.82,4.0
P00174,Apex Essential 0174,Fashion,Core,27.83,3.7
P00175,Core Classic 0175,Beauty,Pulse,21.28,4.4
P00176,Pulse Max 0176,Sports,Zenith,127.59,3.3
P00177,Vertex Plus 0177,Books,Orion,16.48,3.5
P00178,Urban Series 0178,Home & Kitchen,Prime,131.25,4.7
P00179,Apex Classic 0179,Home & Kitchen,Vertex,83.28,3.5
P00180,Apex Max 0180,Books,Urban,195.61,4.8
P00181,Nexa Plus 0181,Sports,Zenith,249.67,4.9
P00182,Vertex Max 0182,Electronics,Urban,48.84,4.9
P00183,Zenith Plus 0183,Fashion,Core,227.23,4.6
P00184,Core Classic 0184,Sports,Nova,55.15,3.3
P00185,Pulse Series 0185,Home & Kitchen,Orion,49.99,3.3
P00186,Nexa Pro 0186,Electronics,Vertex,41.67,3.5
P00187,Nova Series 0187,Accessories,Pulse,23.67,3.6
P00188,Nexa Pro 0188,Sports,Nova,69.34,3.4
P00189,Core Max 0189,Home & Kitchen,Nexa,98.58,3.7
P00190,Vertex Series 0190,Office,Orion,9.94,4.5
P00191,Pulse Plus 0191,Beauty,Urban,350.45,4.5
P00192,Nexa Classic 0192,Fashion,Pulse,151.02,4.3
P00193,Zenith Classic 0193,Toys,Apex,20.73,4.0
P00194,Nova Classic 0194,Electronics,Apex,58.06,4.1
P00195,Vertex Plus 0195,Office,Apex,33.67,4.3
P00196,Pulse Pro 0196,Beauty,Zenith,47.22,3.8
P00197,Vertex Pro 0197,Toys,Zenith,30.97,4.6
P00198,Apex Max 0198,Office,Core,56.05,3.4
P00199,Zenith Plus 0199,Sports,Zenith,13.37,3.7
P00200,Urban Series 0200,Beauty,Core,251.24,3.6
P00201,Vertex Max 0201,Beauty,Urban,14.32,4.4
P00202,Apex Plus 0202,Home & Kitchen,Pulse,57.54,3.4
P00203,Prime Plus 0203,Grocery,Nova,19.0,3.6
P00204,Core Pro 0204,Beauty,Urban,30.41,4.3
P00205,Zenith Pro 0205,Home & Kitchen,Zenith,53.01,3.6
P00206,Urban Pro 0206,Accessories,Vertex,38.22,4.6
P00207,Vertex Essential 0207,Office,Core,39.32,4.5
P00208,Vertex Plus 0208,Toys,Core,25.13,3.8
P00209,Pulse Max 0209,Fashion,Nexa,18.78,4.2
P00210,Nexa Max 0210,Toys,Nexa,63.57,5.0
P00211,Zenith Series 0211,Electronics,Prime,16.22,4.6
P00212,Nova Pro 0212,Electronics,Prime,19.51,4.4
P00213,Prime Plus 0213,Beauty,Nexa,19.71,5.0
P00214,Prime Essential 0214,Beauty,Core,25.97,3.6
P00215,Apex Plus 0215,Beauty,Pulse,9.75,4.8
P00216,Nexa Pro 0216,Accessories,Nova,9.88,4.3
P00217,Nova Series 0217,Books,Orion,57.06,4.9
P00218,Pulse Essential 0218,Fashion,Zenith,57.65,3.8
P00219,Nova Essential 0219,Books,Pulse,46.29,4.9
P00220,Orion Classic 0220,Home & Kitchen,Urban,120.67,3.1
P00221,Apex Essential 0221,Home & Kitchen,Nova,15.82,3.9
P00222,Zenith Plus 0222,Toys,Vertex,7.41,4.2
P00223,Urban Max 0223,Fashion,Nova,70.96,4.5
P00224,Prime Pro 0224,Toys,Urban,7.26,2.9
P00225,Urban Classic 0225,Fashion,Prime,30.94,3.4
P00226,Nexa Essential 0226,Home & Kitchen,Vertex,44.96,3.5
P00227,Nexa Series 0227,Beauty,Orion,223.65,3.6
P00228,Core Classic 0228,Beauty,Pulse,21.4,3.7
P00229,Apex Max 0229,Fashion,Nexa,22.86,4.2
P00230,Urban Pro 0230,Accessories,Vertex,63.45,4.9
P00231,Core Essential 0231,Books,Nova,60.17,3.9
P00232,Orion Plus 0232,Sports,Apex,25.69,5.0
P00233,Core Series 0233,Books,Apex,41.35,4.1
P00234,Zenith Series 0234,Grocery,Nexa,18.03,4.0
P00235,Vertex Max 0235,Sports,Orion,52.32,4.7
P00236,Vertex Pro 0236,Beauty,Apex,8.34,4.0
P00237,Urban Pro 0237,Toys,Core,479.33,3.7
P00238,Vertex Plus 0238,Sports,Core,66.97,4.8
P00239,Pulse Max 0239,Beauty,Apex,12.99,4.1
P00240,Apex Classic 0240,Sports,Pulse,27.5,5.0
P00241,Nova Max 0241,Beauty,Nova,13.57,3.9
P00242,Nexa Plus 0242,Grocery,Apex,16.75,3.4
P00243,Urban Plus 0243,Grocery,Nova,42.34,3.7
P00244,Nexa Max 0244,Electronics,Zenith,122.46,3.7
P00245,Pulse Series 0245,Fashion,Zenith,31.95,4.0
P00246,Vertex Plus 0246,Beauty,Core,6.38,3.7
P00247,Prime Plus 0247,Home & Kitchen,Pulse,20.14,3.4
P00248,Pulse Series 0248,Sports,Zenith,21.37,3.9
P00249,Orion Plus 0249,Grocery,Nexa,37.92,4.2
P00250,Nova Series 0250,Home & Kitchen,Pulse,30.83,4.3
P00251,Core Essential 0251,Accessories,Pulse,4.83,4.1
P00252,Nova Series 0252,Toys,Prime,15.22,4.9
P00253,Vertex Plus 0253,Books,Core,12.92,4.1
P00254,Nexa Max 0254,Grocery,Vertex,78.5,2.9
P00255,Apex Series 0255,Home & Kitchen,Vertex,27.08,4.2
P00256,Orion Series 0256,Sports,Nova,5.79,4.1
P00257,Urban Classic 0257,Beauty,Orion,16.02,4.5
P00258,Vertex Max 0258,Grocery,Urban,100.74,3.5
P00259,Zenith Essential 0259,Electronics,Nexa,20.41,4.7
P00260,Zenith Plus 0260,Fashion,Nova,18.99,4.2
P00261,Apex Essential 0261,Office,Nova,30.03,4.2
P00262,Vertex Plus 0262,Grocery,Core,42.88,4.6
P00263,Vertex Pro 0263,Sports,Orion,30.78,4.7
P00264,Pulse Series 0264,Beauty,Nova,87.9,4.7
P00265,Orion Series 0265,Books,Prime,30.78,2.8
P00266,Zenith Essential 0266,Sports,Core,64.21,3.3
P00267,Apex Essential 0267,Fashion,Urban,41.78,3.9
P00268,Pulse Max 0268,Sports,Nexa,10.93,3.4
P00269,Zenith Plus 0269,Beauty,Apex,174.53,3.7
P00270,Zenith Essential 0270,Electronics,Orion,99.03,4.1
P00271,Prime Series 0271,Electronics,Urban,21.02,3.8
P00272,Apex Classic 0272,Toys,Pulse,31.67,4.1
P00273,Urban Plus 0273,Beauty,Orion,60.89,4.8
P00274,Zenith Classic 0274,Electronics,Pulse,41.16,5.0
P00275,Nexa Series 0275,Books,Pulse,38.54,4.3
P00276,Orion Max 0276,Electronics,Nova,55.17,4.8
P00277,Nova Essential 0277,Grocery,Zenith,48.11,3.9
P00278,Prime Series 0278,Accessories,Urban,48.31,3.8
P00279,Pulse Series 0279,Fashion,Pulse,38.0,4.1
P00280,Prime Essential 0280,Toys,Urban,62.2,3.9
P00281,Zenith Pro 0281,Sports,Vertex,42.27,4.5
P00282,Apex Plus 0282,Fashion,Urban,43.24,4.1
P00283,Core Essential 0283,Sports,Zenith,120.63,4.9
P00284,Urban Pro 0284,Office,Apex,51.7,4.2
P00285,Vertex Classic 0285,Toys,Nexa,47.13,3.7
P00286,Prime Classic 0286,Toys,Apex,15.73,3.8
P00287,Zenith Plus 0287,Accessories,Pulse,16.46,3.8
P00288,Pulse Max 0288,Grocery,Urban,97.8,4.5
P00289,Prime Plus 0289,Beauty,Prime,58.49,4.0
P00290,Prime Series 0290,Sports,Orion,79.93,4.2
P00291,Core Plus 0291,Sports,Zenith,41.81,4.3
P00292,Apex Pro 0292,Office,Core,50.05,4.4
P00293,Urban Max 0293,Home & Kitchen,Pulse,30.7,4.7
P00294,Orion Pro 0294,Toys,Prime,34.17,4.3
P00295,Zenith Max 0295,Toys,Zenith,24.05,3.6
P00296,Core Pro 0296,Accessories,Pulse,116.24,3.8
P00297,Nova Essential 0297,Accessories,Core,18.44,3.8
P00298,Nexa Series 0298,Beauty,Orion,46.16,3.7
P00299,Core Series 0299,Sports,Vertex,30.4,4.7
P00300,Vertex Essential 0300,Toys,Orion,82.43,4.0
P00301,Pulse Pro 0301,Office,Nexa,42.96,4.2
P00302,Apex Series 0302,Toys,Prime,53.02,4.3
P00303,Prime Essential 0303,Office,Urban,42.19,4.2
P00304,Zenith Classic 0304,Grocery,Apex,14.33,4.3
P00305,Zenith Classic 0305,Grocery,Zenith,57.44,5.0
P00306,Apex Pro 0306,Home & Kitchen,Prime,32.01,4.5
P00307,Urban Plus 0307,Accessories,Apex,17.64,3.6
P00308,Prime Classic 0308,Beauty,Vertex,9.83,4.3
P00309,Urban Essential 0309,Electronics,Zenith,16.77,4.2
P00310,Nexa Max 0310,Electronics,Urban,69.62,3.3
P00311,Pulse Series 0311,Sports,Zenith,170.89,2.8
P00312,Pulse Essential 0312,Toys,Urban,38.94,4.2
P00313,Vertex Series 0313,Sports,Prime,14.27,3.9
P00314,Vertex Pro 0314,Fashion,Apex,50.91,3.5
P00315,Apex Plus 0315,Toys,Zenith,92.3,3.8
P00316,Pulse Max 0316,Electronics,Orion,197.25,4.0
P00317,Prime Max 0317,Electronics,Zenith,109.19,3.8
P00318,Vertex Classic 0318,Home & Kitchen,Orion,42.83,4.2
P00319,Vertex Plus 0319,Electronics,Nova,58.73,4.2
P00320,Vertex Max 0320,Accessories,Apex,18.27,4.5
P00321,Prime Max 0321,Beauty,Nova,71.71,4.7
P00322,Prime Essential 0322,Toys,Zenith,81.12,4.5
P00323,Apex Plus 0323,Sports,Vertex,3.7,3.7
P00324,Vertex Classic 0324,Toys,Apex,39.8,4.2
P00325,Pulse Pro 0325,Toys,Nova,133.81,3.2
P00326,Orion Classic 0326,Electronics,Pulse,19.13,3.8
P00327,Pulse Essential 0327,Electronics,Vertex,5.17,2.7
P00328,Nova Max 0328,Fashion,Prime,34.14,3.9
P00329,Prime Plus 0329,Office,Nova,92.18,3.8
P00330,Zenith Series 0330,Home & Kitchen,Vertex,50.19,4.5
P00331,Vertex Series 0331,Toys,Prime,35.86,3.6
P00332,Zenith Series 0332,Fashion,Pulse,15.21,4.2
P00333,Zenith Series 0333,Toys,Nexa,13.03,3.9
P00334,Core Plus 0334,Accessories,Apex,41.26,3.9
P00335,Urban Essential 0335,Electronics,Nexa,33.2,3.7
P00336,Nexa Essential 0336,Fashion,Nova,75.38,4.3
P00337,Nova Plus 0337,Books,Zenith,52.03,4.0
P00338,Vertex Max 0338,Accessories,Zenith,17.93,3.6
P00339,Orion Classic 0339,Sports,Orion,44.07,4.2
P00340,Core Series 0340,Fashion,Vertex,37.97,4.3
P00341,Nova Essential 0341,Grocery,Nexa,7.83,4.9
P00342,Apex Classic 0342,Sports,Prime,24.0,3.8
P00343,Core Max 0343,Books,Nova,36.94,3.9
P00344,Apex Max 0344,Home & Kitchen,Urban,31.61,3.4
P00345,Orion Pro 0345,Beauty,Prime,46.5,3.9
P00346,Nexa Essential 0346,Electronics,Urban,37.56,3.5
P00347,Core Pro 0347,Beauty,Orion,47.56,4.7
P00348,Apex Pro 0348,Electronics,Zenith,40.67,4.4
P00349,Nexa Max 0349,Beauty,Apex,34.28,3.5
P00350,Orion Max 0350,Home & Kitchen,Apex,40.4,3.6
P00351,Prime Essential 0351,Books,Zenith,25.28,3.8
P00352,Orion Series 0352,Books,Orion,24.08,4.8
P00353,Nexa Max 0353,Grocery,Pulse,38.24,3.8
P00354,Prime Plus 0354,Accessories,Nexa,5.74,4.0
P00355,Urban Plus 0355,Grocery,Urban,25.07,4.9
P00356,Nova Pro 0356,Electronics,Urban,18.54,4.3
P00357,Pulse Plus 0357,Fashion,Nova,16.59,3.3
P00358,Orion Max 0358,Books,Zenith,26.35,3.1
P00359,Apex Plus 0359,Electronics,Vertex,10.48,4.2
P00360,Core Plus 0360,Grocery,Nexa,26.47,5.0
P00361,Nexa Plus 0361,Books,Orion,43.1,4.8
P00362,Zenith Pro 0362,Electronics,Zenith,90.08,4.3
P00363,Orion Series 0363,Office,Zenith,253.31,4.5
P00364,Pulse Pro 0364,Home & Kitchen,Pulse,6.75,4.6
P00365,Nexa Series 0365,Books,Vertex,15.1,3.2
P00366,Pulse Essential 0366,Office,Prime,26.46,4.2
P00367,Vertex Pro 0367,Grocery,Prime,39.64,4.8
P00368,Nova Pro 0368,Sports,Core,48.59,5.0
P00369,Prime Essential 0369,Electronics,Pulse,20.21,4.4
P00370,Pulse Plus 0370,Office,Prime,3.6,3.4
P00371,Prime Series 0371,Home & Kitchen,Pulse,88.81,4.4
P00372,Pulse Max 0372,Beauty,Urban,55.02,4.4
P00373,Urban Max 0373,Beauty,Apex,66.5,4.6
P00374,Nova Max 0374,Toys,Apex,28.85,4.3
P00375,Orion Series 0375,Home & Kitchen,Zenith,48.01,5.0
P00376,Nexa Max 0376,Toys,Apex,5.79,4.2
P00377,Pulse Max 0377,Toys,Nexa,13.36,4.1
P00378,Urban Series 0378,Toys,Prime,102.53,4.0
P00379,Prime Essential 0379,Fashion,Nexa,35.99,4.2
P00380,Orion Essential 0380,Books,Nova,188.24,4.3
P00381,Vertex Plus 0381,Books,Prime,14.56,4.2
P00382,Prime Pro 0382,Beauty,Vertex,348.03,4.5
P00383,Nexa Plus 0383,Electronics,Orion,395.91,3.0
P00384,Core Series 0384,Accessories,Core,19.59,4.0
P00385,Core Pro 0385,Home & Kitchen,Pulse,23.25,4.4
P00386,Core Essential 0386,Accessories,Zenith,108.0,4.3
P00387,Nexa Classic 0387,Grocery,Pulse,21.09,3.4
P00388,Prime Max 0388,Electronics,Orion,27.56,4.4
P00389,Urban Pro 0389,Toys,Orion,18.09,4.1
P00390,Pulse Series 0390,Office,Orion,18.54,4.5
P00391,Urban Plus 0391,Fashion,Prime,38.92,4.4
P00392,Nova Plus 0392,Office,Core,27.36,4.3
P00393,Urban Max 0393,Office,Vertex,5.34,4.1
P00394,Orion Classic 0394,Accessories,Orion,128.04,4.3
P00395,Urban Plus 0395,Sports,Zenith,147.64,4.3
P00396,Prime Essential 0396,Fashion,Prime,55.51,4.8
P00397,Urban Max 0397,Grocery,Vertex,39.19,5.0
P00398,Pulse Max 0398,Fashion,Orion,15.08,3.5
P00399,Apex Classic 0399,Toys,Nova,23.1,2.6
P00400,Nova Plus 0400,Toys,Zenith,93.28,3.8
P00401,Nova Series 0401,Toys,Nova,59.95,3.6
P00402,Core Max 0402,Electronics,Core,52.73,4.6
P00403,Orion Series 0403,Sports,Nexa,54.78,4.9
P00404,Core Pro 0404,Electronics,Core,91.07,4.5
P00405,Vertex Essential 0405,Toys,Nexa,79.57,3.9
P00406,Apex Plus 0406,Grocery,Nexa,65.09,4.5
P00407,Nova Series 0407,Toys,Vertex,25.58,4.8
P00408,Urban Classic 0408,Electronics,Urban,159.38,4.5
P00409,Core Max 0409,Fashion,Zenith,22.62,4.4
P00410,Urban Max 0410,Office,Vertex,16.01,4.0
P00411,Apex Pro 0411,Fashion,Apex,21.07,3.4
P00412,Vertex Max 0412,Toys,Nova,11.98,4.7
P00413,Urban Essential 0413,Beauty,Core,59.18,5.0
P00414,Vertex Pro 0414,Fashion,Orion,34.58,3.3
P00415,Zenith Max 0415,Books,Zenith,96.65,4.5
P00416,Apex Series 0416,Office,Prime,3.87,3.7
P00417,Prime Essential 0417,Books,Core,42.32,4.4
P00418,Apex Max 0418,Office,Urban,27.78,3.3
P00419,Zenith Series 0419,Sports,Core,25.64,4.5
P00420,Apex Series 0420,Books,Zenith,13.72,4.3
P00421,Core Pro 0421,Fashion,Nova,36.4,4.6
P00422,Orion Series 0422,Office,Urban,17.59,4.5
P00423,Urban Plus 0423,Sports,Prime,137.42,4.2
P00424,Nexa Pro 0424,Accessories,Vertex,61.54,4.5
P00425,Pulse Max 0425,Beauty,Apex,84.66,3.9
P00426,Zenith Max 0426,Home & Kitchen,Vertex,7.31,4.4
P00427,Apex Classic 0427,Sports,Core,77.67,3.8
P00428,Core Max 0428,Fashion,Prime,71.35,4.4
P00429,Urban Max 0429,Fashion,Nova,24.28,4.0
P00430,Orion Classic 0430,Beauty,Zenith,29.59,4.4
P00431,Prime Max 0431,Beauty,Core,14.45,3.9
P00432,Zenith Essential 0432,Sports,Orion,26.54,4.0
P00433,Nova Classic 0433,Toys,Urban,58.18,4.0
P00434,Orion Max 0434,Beauty,Urban,19.16,3.4
P00435,Vertex Series 0435,Toys,Prime,36.16,4.6
P00436,Prime Max 0436,Accessories,Pulse,345.99,4.1
P00437,Nexa Series 0437,Fashion,Pulse,14.5,3.4
P00438,Nexa Essential 0438,Sports,Core,47.19,3.8
P00439,Apex Max 0439,Beauty,Core,13.8,3.8
P00440,Zenith Essential 0440,Accessories,Core,9.19,4.3
P00441,Pulse Plus 0441,Sports,Core,71.86,4.0
P00442,Prime Pro 0442,Office,Pulse,24.27,4.6
P00443,Apex Pro 0443,Home & Kitchen,Zenith,147.64,3.4
P00444,Nexa Max 0444,Office,Urban,58.35,4.3
P00445,Apex Classic 0445,Electronics,Nova,17.26,4.3
P00446,Nova Classic 0446,Toys,Orion,15.9,3.9
P00447,Urban Essential 0447,Electronics,Pulse,66.95,4.2
P00448,Nexa Essential 0448,Grocery,Nova,13.57,4.1
P00449,Nexa Max 0449,Accessories,Prime,13.23,4.8
P00450,Zenith Essential 0450,Toys,Nova,7.45,4.1
P00451,Pulse Series 0451,Accessories,Core,61.34,4.7
P00452,Core Plus 0452,Office,Nexa,16.89,4.6
P00453,Orion Plus 0453,Books,Zenith,48.38,3.4
P00454,Core Essential 0454,Toys,Pulse,10.84,4.1
P00455,Nexa Essential 0455,Fashion,Nexa,8.01,4.6
P00456,Urban Series 0456,Accessories,Prime,66.9,4.2
P00457,Pulse Pro 0457,Fashion,Core,30.35,4.1
P00458,Prime Max 0458,Books,Urban,19.01,4.2
P00459,Nova Essential 0459,Beauty,Orion,22.59,4.4
P00460,Zenith Series 0460,Accessories,Apex,22.66,3.9
P00461,Apex Plus 0461,Electronics,Vertex,218.37,3.9
P00462,Core Series 0462,Accessories,Orion,44.44,4.6
P00463,Pulse Series 0463,Beauty,Orion,39.66,4.2
P00464,Pulse Classic 0464,Office,Prime,17.76,4.0
P00465,Apex Plus 0465,Sports,Urban,71.06,4.1
P00466,Prime Pro 0466,Electronics,Nexa,12.41,4.4
P00467,Prime Essential 0467,Electronics,Pulse,55.82,4.1
P00468,Core Plus 0468,Books,Vertex,56.09,4.2
P00469,Urban Max 0469,Office,Orion,87.46,3.2
P00470,Nexa Essential 0470,Electronics,Prime,5.95,4.2
P00471,Nova Max 0471,Home & Kitchen,Pulse,96.53,4.0
P00472,Urban Essential 0472,Fashion,Prime,48.12,4.6
P00473,Prime Series 0473,Toys,Urban,17.75,4.1
P00474,Pulse Max 0474,Home & Kitchen,Zenith,5.01,4.9
P00475,Zenith Series 0475,Sports,Prime,24.28,4.4
P00476,Core Series 0476,Accessories,Nexa,41.41,3.7
P00477,Pulse Plus 0477,Office,Prime,8.91,3.4
P00478,Core Classic 0478,Grocery,Pulse,16.27,4.1
P00479,Orion Series 0479,Grocery,Urban,11.23,4.1
P00480,Zenith Plus 0480,Home & Kitchen,Nexa,23.67,3.2
P00481,Urban Pro 0481,Electronics,Nova,13.14,4.1
P00482,Prime Essential 0482,Accessories,Prime,246.8,3.9
P00483,Vertex Essential 0483,Office,Urban,76.15,4.2
P00484,Nova Series 0484,Beauty,Zenith,12.94,5.0
P00485,Vertex Essential 0485,Accessories,Apex,14.75,3.2
P00486,Vertex Max 0486,Toys,Pulse,9.23,4.6
P00487,Prime Series 0487,Books,Urban,30.57,4.4
P00488,Vertex Max 0488,Office,Pulse,172.95,3.8
P00489,Nexa Pro 0489,Accessories,Zenith,102.82,4.1
P00490,Urban Plus 0490,Office,Apex,41.83,4.6
P00491,Pulse Pro 0491,Beauty,Urban,26.86,4.2
P00492,Pulse Max 0492,Electronics,Core,57.49,3.0
P00493,Nova Essential 0493,Sports,Zenith,45.02,4.3
P00494,Prime Pro 0494,Books,Core,51.68,4.5
P00495,Pulse Max 0495,Books,Vertex,41.8,3.9
P00496,Pulse Essential 0496,Electronics,Vertex,52.23,4.6
P00497,Pulse Classic 0497,Toys,Pulse,9.75,4.6
P00498,Vertex Pro 0498,Grocery,Orion,31.41,4.8
P00499,Apex Classic 0499,Sports,Nexa,43.19,4.7
P00500,Zenith Essential 0500,Home & Kitchen,Urban,23.66,5.0
P00501,Orion Essential 0501,Home & Kitchen,Apex,11.39,4.7
P00502,Urban Series 0502,Sports,Orion,35.16,4.2
P00503,Zenith Max 0503,Toys,Pulse,1463.31,4.5
P00504,Pulse Series 0504,Toys,Vertex,16.69,4.2
P00505,Core Classic 0505,Beauty,Zenith,30.79,4.0
P00506,Nexa Plus 0506,Fashion,Zenith,108.92,3.5
P00507,Nova Max 0507,Accessories,Vertex,172.63,4.0
P00508,Zenith Max 0508,Toys,Nova,20.71,4.6
P00509,Nexa Classic 0509,Home & Kitchen,Prime,83.39,3.7
P00510,Core Series 0510,Electronics,Urban,71.34,4.3
P00511,Pulse Pro 0511,Home & Kitchen,Prime,22.19,3.9
P00512,Nova Classic 0512,Fashion,Apex,61.42,4.1
P00513,Nova Max 0513,Sports,Nova,29.95,4.1
P00514,Core Plus 0514,Fashion,Apex,19.91,4.2
P00515,Nexa Essential 0515,Office,Urban,164.43,5.0
P00516,Apex Series 0516,Accessories,Vertex,62.79,3.8
P00517,Zenith Max 0517,Office,Orion,7.7,4.1
P00518,Urban Max 0518,Beauty,Nexa,31.2,4.0
P00519,Core Series 0519,Toys,Core,21.93,3.3
P00520,Orion Max 0520,Beauty,Orion,28.96,4.6
P00521,Zenith Essential 0521,Fashion,Core,55.68,3.7
P00522,Prime Plus 0522,Office,Urban,45.58,4.9
P00523,Vertex Max 0523,Electronics,Pulse,127.23,3.7
P00524,Orion Max 0524,Accessories,Apex,105.11,4.3
P00525,Vertex Classic 0525,Electronics,Nexa,11.74,5.0
P00526,Vertex Classic 0526,Electronics,Core,32.04,4.4
P00527,Orion Classic 0527,Electronics,Nexa,6.07,3.8
P00528,Pulse Pro 0528,Sports,Vertex,14.27,3.6
P00529,Apex Series 0529,Toys,Nova,5.31,2.9
P00530,Zenith Max 0530,Toys,Nexa,8.53,3.9
P00531,Orion Max 0531,Office,Nexa,123.4,3.4
P00532,Prime Classic 0532,Electronics,Pulse,68.91,4.1
P00533,Vertex Plus 0533,Books,Apex,60.99,3.9
P00534,Urban Series 0534,Accessories,Apex,100.8,4.2
P00535,Pulse Pro 0535,Books,Core,60.75,3.5
P00536,Prime Pro 0536,Beauty,Orion,32.43,3.8
P00537,Prime Classic 0537,Office,Nova,20.59,4.4
P00538,Pulse Essential 0538,Accessories,Nexa,161.0,4.3
P00539,Zenith Max 0539,Fashion,Apex,113.42,3.1
P00540,Apex Pro 0540,Office,Zenith,28.73,4.6
P00541,Vertex Classic 0541,Beauty,Pulse,69.6,3.5
P00542,Nova Essential 0542,Beauty,Apex,3.0,3.3
P00543,Orion Plus 0543,Beauty,Prime,72.83,4.0
P00544,Orion Series 0544,Books,Orion,22.3,5.0
P00545,Prime Pro 0545,Toys,Zenith,402.05,3.9
P00546,Nexa Essential 0546,Accessories,Vertex,98.58,4.2
P00547,Urban Plus 0547,Fashion,Nexa,5.93,4.5
P00548,Zenith Essential 0548,Grocery,Vertex,18.45,3.6
P00549,Core Pro 0549,Grocery,Core,36.96,4.3
P00550,Urban Classic 0550,Electronics,Urban,33.69,3.7
P00551,Vertex Max 0551,Sports,Nexa,32.35,4.4
P00552,Apex Plus 0552,Office,Vertex,84.91,4.3
P00553,Orion Essential 0553,Sports,Vertex,21.51,4.3
P00554,Nexa Plus 0554,Grocery,Core,32.79,4.2
P00555,Prime Series 0555,Grocery,Nova,138.22,5.0
P00556,Nexa Classic 0556,Home & Kitchen,Urban,140.24,4.2
P00557,Urban Series 0557,Fashion,Prime,84.38,4.4
P00558,Nova Max 0558,Home & Kitchen,Zenith,25.55,4.3
P00559,Pulse Essential 0559,Electronics,Nexa,18.52,3.5
P00560,Urban Classic 0560,Home & Kitchen,Apex,33.72,3.7
P00561,Core Essential 0561,Office,Vertex,35.91,3.5
P00562,Nexa Essential 0562,Books,Urban,33.9,3.7
P00563,Nexa Essential 0563,Electronics,Zenith,57.74,3.8
P00564,Prime Series 0564,Books,Orion,48.42,4.0
P00565,Urban Pro 0565,Electronics,Zenith,46.64,4.0
P00566,Orion Pro 0566,Home & Kitchen,Pulse,23.0,4.4
P00567,Apex Series 0567,Grocery,Nexa,11.9,4.8
P00568,Pulse Classic 0568,Books,Core,65.4,4.7
P00569,Pulse Series 0569,Accessories,Apex,36.96,4.3
P00570,Urban Pro 0570,Electronics,Apex,50.57,3.6
P00571,Orion Plus 0571,Sports,Vertex,51.85,4.7
P00572,Prime Essential 0572,Toys,Prime,5.65,3.8
P00573,Vertex Max 0573,Accessories,Zenith,164.8,4.3
P00574,Zenith Essential 0574,Accessories,Apex,21.05,4.3
P00575,Vertex Max 0575,Beauty,Zenith,120.53,3.5
P00576,Orion Plus 0576,Beauty,Urban,51.29,3.8
P00577,Nexa Pro 0577,Beauty,Nexa,13.26,4.4
P00578,Urban Plus 0578,Fashion,Nexa,18.51,4.0
P00579,Orion Series 0579,Grocery,Nexa,18.82,5.0
P00580,Zenith Plus 0580,Sports,Apex,19.82,3.9
P00581,Vertex Pro 0581,Toys,Core,7.12,3.5
P00582,Nexa Max 0582,Office,Nexa,17.06,4.1
P00583,Vertex Pro 0583,Books,Nova,83.6,3.9
P00584,Zenith Max 0584,Accessories,Urban,91.66,3.2
P00585,Zenith Max 0585,Fashion,Core,19.04,4.6
P00586,Nexa Series 0586,Books,Apex,6.49,4.6
P00587,Orion Essential 0587,Fashion,Apex,61.75,4.6
P00588,Pulse Pro 0588,Home & Kitchen,Orion,13.26,4.3
P00589,Nova Series 0589,Fashion,Pulse,14.22,4.0
P00590,Nexa Essential 0590,Home & Kitchen,Nova,27.13,4.2
P00591,Urban Plus 0591,Home & Kitchen,Core,24.94,4.0
P00592,Orion Max 0592,Office,Nexa,17.19,3.8
P00593,Prime Max 0593,Toys,Vertex,18.65,4.9
P00594,Nova Max 0594,Office,Pulse,22.28,4.8
P00595,Nova Series 0595,Fashion,Apex,18.41,4.5
P00596,Prime Classic 0596,Grocery,Nova,19.48,3.9
P00597,Nova Series 0597,Home & Kitchen,Nexa,26.58,4.4
P00598,Nexa Plus 0598,Toys,Pulse,48.1,4.0
P00599,Zenith Max 0599,Fashion,Apex,43.79,3.9
P00600,Nexa Plus 0600,Accessories,Vertex,21.49,4.1
P00601,Orion Plus 0601,Toys,Pulse,26.32,4.3
P00602,Nova Plus 0602,Accessories,Nexa,117.36,3.9
P00603,Nexa Classic 0603,Home & Kitchen,Zenith,85.06,4.0
P00604,Prime Series 0604,Books,Vertex,57.33,4.8
P00605,Zenith Max 0605,Sports,Zenith,7.11,3.2
P00606,Vertex Classic 0606,Home & Kitchen,Orion,38.54,4.7
P00607,Core Classic 0607,Beauty,Prime,19.06,4.0
P00608,Pulse Series 0608,Beauty,Core,14.8,3.8
P00609,Orion Series 0609,Grocery,Prime,25.32,3.9
P00610,Zenith Pro 0610,Toys,Nova,89.81,4.1
P00611,Apex Essential 0611,Sports,Apex,77.85,4.6
P00612,Nova Classic 0612,Accessories,Pulse,20.04,4.2
P00613,Orion Max 0613,Electronics,Orion,37.77,3.8
P00614,Prime Classic 0614,Beauty,Pulse,23.95,4.5
P00615,Nexa Plus 0615,Sports,Zenith,28.2,4.0
P00616,Vertex Essential 0616,Grocery,Urban,85.9,4.4
P00617,Nexa Classic 0617,Fashion,Pulse,33.07,4.2
P00618,Apex Classic 0618,Sports,Vertex,7.2,3.5
P00619,Orion Series 0619,Fashion,Apex,39.65,4.4
P00620,Prime Essential 0620,Toys,Pulse,179.48,3.2
P00621,Nova Classic 0621,Office,Apex,18.64,4.0
P00622,Core Plus 0622,Fashion,Apex,141.04,3.5
P00623,Vertex Plus 0623,Toys,Orion,61.01,3.0
P00624,Zenith Classic 0624,Home & Kitchen,Zenith,100.89,4.2
P00625,Urban Series 0625,Toys,Nexa,76.96,4.6
P00626,Nova Plus 0626,Accessories,Zenith,41.07,4.1
P00627,Apex Series 0627,Sports,Orion,20.15,4.8
P00628,Nexa Plus 0628,Books,Core,41.0,4.1
P00629,Urban Essential 0629,Office,Vertex,43.17,4.2
P00630,Urban Max 0630,Fashion,Core,83.91,3.6
P00631,Apex Classic 0631,Office,Urban,4.62,4.4
P00632,Nova Max 0632,Sports,Nexa,9.66,4.4
P00633,Orion Pro 0633,Sports,Core,43.29,3.9
P00634,Core Classic 0634,Fashion,Apex,47.22,3.4
P00635,Nexa Classic 0635,Grocery,Apex,16.04,3.3
P00636,Vertex Plus 0636,Books,Prime,48.27,4.7
P00637,Apex Plus 0637,Fashion,Prime,64.45,3.5
P00638,Core Series 0638,Electronics,Nova,29.37,4.9
P00639,Prime Series 0639,Office,Apex,126.72,3.7
P00640,Zenith Classic 0640,Electronics,Prime,149.93,3.9
P00641,Vertex Essential 0641,Office,Urban,39.05,5.0
P00642,Orion Classic 0642,Home & Kitchen,Nexa,74.6,3.8
P00643,Core Pro 0643,Office,Core,7.6,3.6
P00644,Orion Max 0644,Sports,Orion,91.96,3.9
P00645,Urban Pro 0645,Toys,Prime,130.94,3.3
P00646,Zenith Max 0646,Electronics,Zenith,14.03,3.9
P00647,Urban Essential 0647,Electronics,Nexa,60.97,4.1
P00648,Nova Max 0648,Beauty,Nexa,6.48,4.6
P00649,Prime Max 0649,Office,Nova,17.24,4.4
P00650,Vertex Max 0650,Books,Urban,21.91,4.2
P00651,Urban Plus 0651,Accessories,Pulse,9.28,5.0
P00652,Nexa Max 0652,Electronics,Nova,28.25,4.4
P00653,Core Classic 0653,Office,Prime,26.62,4.9
P00654,Nexa Max 0654,Sports,Zenith,60.97,4.6
P00655,Apex Classic 0655,Accessories,Pulse,8.96,4.9
P00656,Pulse Series 0656,Grocery,Apex,61.34,4.7
P00657,Zenith Max 0657,Toys,Urban,17.2,4.6
P00658,Pulse Series 0658,Office,Prime,11.07,4.4
P00659,Zenith Pro 0659,Home & Kitchen,Nexa,29.33,4.9
P00660,Prime Classic 0660,Accessories,Core,68.91,3.8
P00661,Prime Max 0661,Grocery,Zenith,22.64,3.7
P00662,Pulse Pro 0662,Office,Nova,55.58,3.2
P00663,Nexa Classic 0663,Office,Prime,44.99,4.4
P00664,Urban Series 0664,Accessories,Nexa,587.89,4.7
P00665,Vertex Max 0665,Accessories,Zenith,26.42,3.5
P00666,Pulse Essential 0666,Accessories,Urban,30.13,3.7
P00667,Prime Classic 0667,Fashion,Orion,94.87,4.9
P00668,Orion Essential 0668,Toys,Nexa,33.41,4.5
P00669,Core Max 0669,Electronics,Vertex,43.87,4.5
P00670,Urban Essential 0670,Accessories,Core,7.2,4.3
P00671,Orion Classic 0671,Accessories,Urban,31.36,4.0
P00672,Apex Essential 0672,Fashion,Prime,18.56,3.2
P00673,Nexa Pro 0673,Sports,Zenith,22.73,4.4
P00674,Urban Plus 0674,Grocery,Vertex,44.09,5.0
P00675,Apex Plus 0675,Books,Zenith,33.31,4.3
P00676,Apex Plus 0676,Office,Apex,70.13,3.5
P00677,Pulse Essential 0677,Office,Pulse,82.59,4.0
P00678,Prime Pro 0678,Accessories,Pulse,29.84,4.6
P00679,Core Max 0679,Fashion,Apex,45.83,4.7
P00680,Nova Plus 0680,Toys,Zenith,5.61,5.0
P00681,Apex Pro 0681,Books,Orion,46.45,4.7
P00682,Prime Series 0682,Sports,Pulse,90.29,3.0
P00683,Pulse Essential 0683,Beauty,Nexa,15.43,4.2
P00684,Urban Classic 0684,Sports,Apex,69.08,3.3
P00685,Orion Essential 0685,Beauty,Zenith,23.3,4.4
P00686,Nova Max 0686,Fashion,Nova,20.83,4.5
P00687,Pulse Classic 0687,Toys,Pulse,126.11,3.6
P00688,Apex Classic 0688,Books,Prime,33.98,3.9
P00689,Pulse Plus 0689,Beauty,Nova,76.36,3.7
P00690,Zenith Max 0690,Accessories,Orion,6.04,4.6
P00691,Core Pro 0691,Electronics,Pulse,20.22,4.1
P00692,Prime Classic 0692,Electronics,Prime,66.41,3.7
P00693,Pulse Max 0693,Accessories,Nova,39.15,4.5
P00694,Pulse Pro 0694,Toys,Prime,29.66,4.4
P00695,Orion Essential 0695,Home & Kitchen,Apex,60.28,4.6
P00696,Core Series 0696,Office,Pulse,16.56,3.3
P00697,Core Max 0697,Sports,Nexa,104.68,3.8
P00698,Zenith Pro 0698,Beauty,Nexa,28.91,4.5
P00699,Zenith Plus 0699,Electronics,Vertex,16.8,3.2
P00700,Nexa Essential 0700,Accessories,Pulse,17.82,3.2
P00701,Pulse Series 0701,Books,Apex,32.52,3.7
P00702,Apex Series 0702,Books,Prime,23.84,4.5
P00703,Urban Pro 0703,Beauty,Apex,56.2,4.1
P00704,Nova Classic 0704,Home & Kitchen,Urban,33.57,4.4
P00705,Apex Classic 0705,Grocery,Orion,25.41,3.6
P00706,Urban Series 0706,Grocery,Nova,48.11,3.6
P00707,Nexa Essential 0707,Fashion,Orion,21.73,4.9
P00708,Vertex Classic 0708,Toys,Apex,54.46,4.3
P00709,Nexa Classic 0709,Toys,Nexa,46.95,3.5
P00710,Nova Classic 0710,Sports,Zenith,45.24,3.0
P00711,Nexa Pro 0711,Sports,Orion,25.36,3.3
P00712,Pulse Classic 0712,Grocery,Zenith,19.86,3.5
P00713,Nova Essential 0713,Beauty,Core,72.47,3.4
P00714,Nexa Pro 0714,Electronics,Apex,60.82,4.1
P00715,Nova Plus 0715,Electronics,Nova,14.13,4.5
P00716,Vertex Pro 0716,Accessories,Nexa,23.71,4.1
P00717,Core Max 0717,Beauty,Apex,116.87,3.8
P00718,Urban Classic 0718,Electronics,Vertex,84.86,4.3
P00719,Core Plus 0719,Home & Kitchen,Orion,12.21,3.9
P00720,Zenith Classic 0720,Office,Apex,35.38,3.2
P00721,Nova Max 0721,Toys,Nova,51.03,4.2
P00722,Nova Plus 0722,Home & Kitchen,Urban,85.59,4.3
P00723,Zenith Pro 0723,Electronics,Vertex,39.24,4.8
P00724,Zenith Essential 0724,Office,Pulse,54.1,4.6
P00725,Nexa Plus 0725,Accessories,Apex,80.93,3.8
P00726,Zenith Plus 0726,Sports,Zenith,91.33,4.0
P00727,Urban Essential 0727,Beauty,Urban,29.74,4.1
P00728,Urban Classic 0728,Beauty,Pulse,36.46,4.2
P00729,Prime Plus 0729,Electronics,Apex,17.69,4.9
P00730,Prime Pro 0730,Fashion,Vertex,27.37,4.1
P00731,Apex Essential 0731,Electronics,Nexa,24.26,3.8
P00732,Prime Plus 0732,Sports,Orion,29.54,4.8
P00733,Zenith Series 0733,Sports,Vertex,32.15,4.8
P00734,Prime Essential 0734,Accessories,Pulse,72.78,4.6
P00735,Core Plus 0735,Grocery,Prime,47.93,3.2
P00736,Prime Essential 0736,Sports,Core,11.06,4.1
P00737,Nova Plus 0737,Sports,Urban,57.44,4.0
P00738,Zenith Essential 0738,Toys,Zenith,21.36,4.3
P00739,Orion Pro 0739,Home & Kitchen,Vertex,13.13,3.6
P00740,Zenith Plus 0740,Toys,Vertex,12.52,4.6
P00741,Apex Max 0741,Electronics,Core,40.78,4.3
P00742,Urban Essential 0742,Sports,Nexa,90.94,4.6
P00743,Vertex Pro 0743,Books,Urban,28.95,3.7
P00744,Core Classic 0744,Office,Nova,81.36,4.2
P00745,Vertex Max 0745,Electronics,Zenith,37.81,4.5
P00746,Nexa Classic 0746,Accessories,Pulse,5.03,2.7
P00747,Zenith Essential 0747,Accessories,Prime,60.72,4.5
P00748,Apex Essential 0748,Electronics,Urban,21.49,3.9
P00749,Orion Max 0749,Beauty,Vertex,16.88,4.1
P00750,Nexa Max 0750,Grocery,Urban,61.04,4.8
P00751,Urban Max 0751,Home & Kitchen,Urban,39.48,4.7
P00752,Nova Max 0752,Grocery,Apex,32.94,3.8
P00753,Vertex Essential 0753,Office,Core,38.19,3.2
P00754,Apex Classic 0754,Accessories,Apex,16.33,4.1
P00755,Core Series 0755,Accessories,Pulse,172.14,4.7
P00756,Urban Pro 0756,Electronics,Nexa,40.88,4.8
P00757,Nexa Series 0757,Accessories,Urban,40.37,2.9
P00758,Prime Plus 0758,Beauty,Nova,32.36,4.4
P00759,Core Max 0759,Grocery,Prime,8.17,4.4
P00760,Pulse Essential 0760,Accessories,Orion,19.07,4.5
P00761,Nexa Pro 0761,Fashion,Apex,11.63,4.1
P00762,Prime Plus 0762,Books,Pulse,10.67,3.1
P00763,Nexa Pro 0763,Fashion,Pulse,8.74,3.8
P00764,Vertex Classic 0764,Electronics,Urban,19.76,3.6
P00765,Zenith Classic 0765,Office,Nexa,35.65,3.5
P00766,Pulse Essential 0766,Books,Vertex,9.73,4.5
P00767,Nova Max 0767,Sports,Nova,65.71,4.0
P00768,Core Plus 0768,Fashion,Urban,45.74,4.3
P00769,Prime Essential 0769,Beauty,Orion,28.41,4.7
P00770,Nova Max 0770,Home & Kitchen,Apex,244.99,3.2
P00771,Apex Classic 0771,Office,Zenith,28.19,5.0
P00772,Apex Series 0772,Office,Nexa,71.79,5.0
P00773,Zenith Plus 0773,Beauty,Orion,42.26,3.1
P00774,Vertex Classic 0774,Beauty,Orion,127.77,4.5
P00775,Nexa Plus 0775,Fashion,Urban,92.9,5.0
P00776,Nova Pro 0776,Books,Zenith,26.72,3.3
P00777,Nexa Classic 0777,Electronics,Urban,27.61,3.5
P00778,Urban Plus 0778,Accessories,Zenith,10.47,4.5
P00779,Urban Max 0779,Office,Pulse,38.85,4.4
P00780,Urban Pro 0780,Fashion,Nova,63.09,4.2
P00781,Nexa Plus 0781,Fashion,Nexa,33.1,4.0
P00782,Zenith Pro 0782,Fashion,Pulse,123.46,4.2
P00783,Core Classic 0783,Toys,Nexa,39.88,2.7
P00784,Orion Series 0784,Grocery,Apex,107.56,3.4
P00785,Orion Series 0785,Home & Kitchen,Vertex,30.22,4.0
P00786,Apex Series 0786,Electronics,Nova,12.33,2.9
P00787,Pulse Plus 0787,Sports,Nexa,19.94,4.0
P00788,Vertex Series 0788,Grocery,Vertex,34.0,4.1
P00789,Orion Plus 0789,Fashion,Vertex,17.83,3.7
P00790,Vertex Max 0790,Books,Vertex,7.89,3.7
P00791,Core Plus 0791,Fashion,Urban,5.77,3.5
P00792,Nova Series 0792,Books,Vertex,87.17,3.8
P00793,Prime Series 0793,Beauty,Urban,49.51,4.3
P00794,Nova Classic 0794,Toys,Pulse,44.86,4.3
P00795,Pulse Essential 0795,Office,Zenith,40.73,4.7
P00796,Nova Series 0796,Electronics,Core,21.38,4.0
P00797,Prime Max 0797,Electronics,Urban,71.54,4.4
P00798,Nexa Series 0798,Sports,Urban,7.32,3.3
P00799,Pulse Max 0799,Accessories,Urban,5.36,4.2
P00800,Nexa Essential 0800,Sports,Nova,29.19,4.0
P00801,Urban Classic 0801,Beauty,Orion,39.33,4.4
P00802,Nova Series 0802,Grocery,Orion,15.79,3.9
P00803,Pulse Series 0803,Sports,Nova,8.34,3.9
P00804,Urban Plus 0804,Electronics,Nova,59.56,3.6
P00805,Zenith Classic 0805,Toys,Orion,24.17,4.7
P00806,Orion Max 0806,Beauty,Orion,65.37,3.8
P00807,Prime Series 0807,Office,Vertex,113.35,5.0
P00808,Nova Essential 0808,Sports,Prime,8.27,3.4
P00809,Pulse Plus 0809,Books,Nexa,42.41,4.7
P00810,Vertex Max 0810,Toys,Orion,43.82,2.9
P00811,Nova Pro 0811,Home & Kitchen,Nova,68.4,4.0
P00812,Nova Plus 0812,Electronics,Prime,21.66,3.8
P00813,Orion Pro 0813,Fashion,Nova,36.8,4.3
P00814,Urban Classic 0814,Office,Prime,67.74,4.5
P00815,Apex Series 0815,Electronics,Urban,51.9,5.0
P00816,Vertex Pro 0816,Beauty,Apex,142.37,3.8
P00817,Pulse Plus 0817,Books,Prime,16.02,3.7
P00818,Nova Plus 0818,Sports,Zenith,42.17,4.6
P00819,Pulse Series 0819,Beauty,Pulse,32.38,4.0
P00820,Core Pro 0820,Toys,Zenith,29.06,3.8
P00821,Nova Pro 0821,Books,Urban,59.42,3.9
P00822,Zenith Essential 0822,Fashion,Core,38.84,3.7
P00823,Apex Classic 0823,Accessories,Core,13.41,3.2
P00824,Nexa Max 0824,Sports,Zenith,82.5,5.0
P00825,Prime Classic 0825,Office,Core,59.54,4.4
P00826,Vertex Series 0826,Electronics,Prime,131.97,3.2
P00827,Core Series 0827,Books,Zenith,67.34,4.9
P00828,Core Classic 0828,Sports,Nova,28.88,4.2
P00829,Prime Essential 0829,Office,Urban,29.08,4.0
P00830,Core Pro 0830,Grocery,Core,88.91,4.4
P00831,Urban Pro 0831,Beauty,Nova,17.55,3.9
P00832,Apex Classic 0832,Electronics,Nexa,15.5,3.4
P00833,Vertex Classic 0833,Home & Kitchen,Urban,42.68,3.8
P00834,Apex Pro 0834,Grocery,Urban,9.12,4.1
P00835,Nova Series 0835,Office,Orion,47.9,3.6
P00836,Nexa Classic 0836,Grocery,Zenith,53.41,4.4
P00837,Apex Series 0837,Sports,Urban,28.04,4.8
P00838,Nexa Max 0838,Books,Vertex,124.29,3.9
P00839,Nova Max 0839,Home & Kitchen,Prime,96.59,2.8
P00840,Nova Plus 0840,Accessories,Apex,17.37,4.0
P00841,Zenith Max 0841,Books,Nexa,63.15,3.6
P00842,Apex Essential 0842,Accessories,Urban,84.9,4.0
P00843,Nexa Max 0843,Office,Apex,37.71,4.0
P00844,Pulse Plus 0844,Fashion,Pulse,23.73,3.6
P00845,Nexa Essential 0845,Books,Orion,12.9,3.3
P00846,Vertex Essential 0846,Office,Vertex,21.18,4.1
P00847,Apex Max 0847,Sports,Core,13.16,3.7
P00848,Nexa Max 0848,Accessories,Pulse,79.56,5.0
P00849,Orion Essential 0849,Office,Prime,27.82,4.2
P00850,Zenith Pro 0850,Electronics,Vertex,55.97,3.7
P00851,Orion Essential 0851,Accessories,Nexa,108.81,3.8
P00852,Core Essential 0852,Sports,Apex,42.36,4.0
P00853,Vertex Series 0853,Electronics,Orion,100.96,4.2
P00854,Zenith Essential 0854,Office,Urban,25.53,4.4
P00855,Vertex Pro 0855,Grocery,Nexa,49.56,4.7
P00856,Prime Plus 0856,Toys,Pulse,42.11,4.1
P00857,Apex Essential 0857,Books,Zenith,18.62,4.4
P00858,Urban Essential 0858,Home & Kitchen,Nexa,26.49,4.3
P00859,Pulse Max 0859,Sports,Apex,125.09,4.2
P00860,Nova Classic 0860,Fashion,Apex,25.66,4.0
P00861,Orion Plus 0861,Home & Kitchen,Nexa,7.84,4.2
P00862,Vertex Essential 0862,Office,Apex,25.63,3.7
P00863,Pulse Pro 0863,Electronics,Nexa,17.77,3.5
P00864,Orion Essential 0864,Accessories,Nova,52.76,4.9
P00865,Orion Classic 0865,Home & Kitchen,Core,60.87,4.2
P00866,Vertex Essential 0866,Electronics,Core,48.31,4.3
P00867,Core Classic 0867,Toys,Pulse,24.21,4.0
P00868,Pulse Essential 0868,Accessories,Prime,36.91,4.4
P00869,Pulse Classic 0869,Books,Pulse,26.35,4.0
P00870,Urban Essential 0870,Grocery,Apex,9.52,3.3
P00871,Nova Essential 0871,Toys,Urban,31.64,3.8
P00872,Zenith Plus 0872,Accessories,Nexa,375.53,4.4
P00873,Urban Pro 0873,Toys,Vertex,13.86,3.8
P00874,Nova Max 0874,Books,Zenith,6.59,3.1
P00875,Nova Plus 0875,Electronics,Pulse,126.08,3.9
P00876,Core Series 0876,Accessories,Zenith,52.41,3.1
P00877,Zenith Essential 0877,Office,Orion,45.76,3.9
P00878,Urban Series 0878,Sports,Zenith,25.35,4.8
P00879,Nova Classic 0879,Home & Kitchen,Vertex,42.9,3.4
P00880,Nova Plus 0880,Grocery,Core,36.67,4.5
P00881,Zenith Max 0881,Beauty,Nova,113.87,5.0
P00882,Urban Classic 0882,Fashion,Apex,79.89,4.8
P00883,Zenith Pro 0883,Electronics,Pulse,60.18,4.0
P00884,Core Series 0884,Sports,Core,18.93,3.6
P00885,Core Essential 0885,Fashion,Orion,43.01,4.2
P00886,Pulse Max 0886,Beauty,Apex,20.12,4.2
P00887,Pulse Max 0887,Accessories,Urban,105.74,4.6
P00888,Core Classic 0888,Toys,Core,18.39,4.1
P00889,Urban Plus 0889,Sports,Apex,31.01,4.3
P00890,Nova Max 0890,Grocery,Core,13.16,3.6
P00891,Nexa Plus 0891,Books,Prime,22.35,4.5
P00892,Core Pro 0892,Office,Urban,22.13,3.4
P00893,Urban Essential 0893,Home & Kitchen,Prime,30.51,3.8
P00894,Nova Classic 0894,Toys,Vertex,15.58,4.4
P00895,Urban Classic 0895,Electronics,Urban,104.52,4.8
P00896,Vertex Classic 0896,Fashion,Vertex,29.58,4.5
P00897,Prime Series 0897,Electronics,Vertex,21.65,4.1
P00898,Nexa Plus 0898,Electronics,Orion,69.97,4.1
P00899,Orion Max 0899,Sports,Apex,245.06,3.6
P00900,Pulse Series 0900,Books,Zenith,24.33,3.9
P00901,Core Max 0901,Fashion,Zenith,28.07,3.0
P00902,Prime Pro 0902,Fashion,Prime,18.01,5.0
P00903,Prime Essential 0903,Fashion,Nexa,63.51,5.0
P00904,Nova Pro 0904,Electronics,Zenith,82.7,3.0
P00905,Apex Classic 0905,Sports,Zenith,33.57,3.3
P00906,Zenith Classic 0906,Electronics,Urban,23.59,4.8
P00907,Orion Plus 0907,Office,Core,56.59,3.7
P00908,Core Classic 0908,Office,Prime,68.11,4.9
P00909,Prime Pro 0909,Fashion,Prime,141.74,4.5
P00910,Pulse Plus 0910,Books,Orion,20.72,3.9
P00911,Core Plus 0911,Books,Vertex,75.37,4.6
P00912,Apex Plus 0912,Fashion,Vertex,38.5,4.1
P00913,Nova Classic 0913,Accessories,Nova,7.35,4.1
P00914,Core Series 0914,Grocery,Orion,137.74,4.4
P00915,Prime Essential 0915,Fashion,Pulse,45.74,4.5
P00916,Vertex Classic 0916,Sports,Pulse,60.43,4.7
P00917,Nexa Essential 0917,Sports,Pulse,82.03,5.0
P00918,Zenith Plus 0918,Sports,Apex,59.85,4.3
P00919,Vertex Pro 0919,Fashion,Core,14.66,4.8
P00920,Vertex Essential 0920,Sports,Orion,64.24,4.8
P00921,Orion Pro 0921,Sports,Apex,54.72,4.5
P00922,Pulse Series 0922,Beauty,Vertex,7.79,3.8
P00923,Pulse Classic 0923,Beauty,Vertex,156.77,4.7
P00924,Orion Classic 0924,Home & Kitchen,Vertex,24.92,4.3
P00925,Core Plus 0925,Accessories,Vertex,85.74,3.4
P00926,Core Plus 0926,Toys,Orion,25.87,4.7
P00927,Zenith Plus 0927,Electronics,Orion,21.66,3.2
P00928,Prime Essential 0928,Sports,Apex,32.6,4.5
P00929,Pulse Essential 0929,Home & Kitchen,Nexa,236.25,3.8
P00930,Pulse Pro 0930,Office,Pulse,214.22,4.2
P00931,Nova Series 0931,Books,Core,21.63,3.3
P00932,Vertex Series 0932,Toys,Orion,107.55,3.7
P00933,Vertex Max 0933,Home & Kitchen,Nexa,35.74,3.8
P00934,Core Pro 0934,Books,Apex,215.26,4.0
P00935,Vertex Max 0935,Fashion,Core,98.78,3.8
P00936,Orion Series 0936,Accessories,Vertex,44.99,4.3
P00937,Zenith Pro 0937,Beauty,Orion,37.66,4.4
P00938,Zenith Pro 0938,Fashion,Vertex,60.52,3.9
P00939,Nova Plus 0939,Fashion,Pulse,54.08,4.1
P00940,Nova Essential 0940,Home & Kitchen,Zenith,12.97,4.4
P00941,Orion Essential 0941,Accessories,Apex,42.2,2.9
P00942,Nexa Essential 0942,Grocery,Core,19.47,4.3
P00943,Prime Plus 0943,Sports,Orion,21.73,3.7
P00944,Pulse Pro 0944,Accessories,Zenith,95.43,2.6
P00945,Core Plus 0945,Home & Kitchen,Urban,42.04,3.9
P00946,Nova Essential 0946,Books,Nexa,23.25,3.5
P00947,Vertex Pro 0947,Toys,Zenith,11.76,3.8
P00948,Apex Pro 0948,Books,Pulse,17.41,4.4
P00949,Vertex Plus 0949,Fashion,Apex,33.18,4.6
P00950,Prime Plus 0950,Office,Prime,159.59,4.8
P00951,Nexa Pro 0951,Office,Urban,13.62,4.8
P00952,Prime Pro 0952,Office,Urban,45.63,3.5
P00953,Nova Pro 0953,Accessories,Prime,50.49,4.8
P00954,Apex Essential 0954,Grocery,Nova,105.19,3.4
P00955,Nova Series 0955,Grocery,Nova,39.16,4.7
P00956,Prime Max 0956,Grocery,Zenith,50.53,4.4
P00957,Urban Plus 0957,Accessories,Core,101.42,4.2
P00958,Vertex Plus 0958,Electronics,Pulse,17.39,3.6
P00959,Pulse Pro 0959,Grocery,Orion,71.34,4.8
P00960,Orion Plus 0960,Home & Kitchen,Zenith,9.98,3.5
P00961,Prime Classic 0961,Beauty,Nova,37.08,4.1
P00962,Core Max 0962,Electronics,Nova,28.27,4.1
P00963,Urban Essential 0963,Books,Nexa,18.27,3.2
P00964,Prime Pro 0964,Office,Apex,83.97,4.2
P00965,Vertex Pro 0965,Electronics,Zenith,88.32,3.5
P00966,Nexa Max 0966,Sports,Orion,91.6,4.9
P00967,Orion Plus 0967,Accessories,Vertex,49.26,5.0
P00968,Core Max 0968,Electronics,Nova,11.54,3.7
P00969,Vertex Essential 0969,Accessories,Vertex,26.03,3.9
P00970,Core Classic 0970,Beauty,Core,86.54,4.2
P00971,Vertex Classic 0971,Fashion,Core,85.52,3.0
P00972,Apex Pro 0972,Grocery,Pulse,102.76,5.0
P00973,Orion Pro 0973,Books,Nova,46.43,3.9
P00974,Nova Series 0974,Toys,Urban,29.71,3.9
P00975,Apex Pro 0975,Accessories,Pulse,5.97,4.5
P00976,Nexa Classic 0976,Sports,Urban,76.08,4.1
P00977,Pulse Pro 0977,Home & Kitchen,Core,32.01,4.2
P00978,Urban Max 0978,Fashion,Nexa,11.32,4.6
P00979,Core Essential 0979,Fashion,Prime,69.53,4.0
P00980,Prime Classic 0980,Beauty,Prime,125.58,3.5
P00981,Zenith Series 0981,Office,Orion,76.39,4.8
P00982,Nexa Plus 0982,Toys,Prime,64.25,3.8
P00983,Pulse Classic 0983,Office,Nexa,81.08,3.8
P00984,Pulse Pro 0984,Books,Pulse,3.0,4.2
P00985,Orion Series 0985,Fashion,Vertex,164.74,3.4
P00986,Orion Classic 0986,Toys,Orion,17.16,4.2
P00987,Pulse Series 0987,Beauty,Pulse,18.57,4.6
P00988,Pulse Max 0988,Office,Vertex,22.91,5.0
P00989,Apex Classic 0989,Grocery,Apex,25.39,4.5
P00990,Zenith Series 0990,Toys,Zenith,135.06,4.7
P00991,Core Series 0991,Toys,Pulse,57.1,3.7
P00992,Nova Pro 0992,Accessories,Zenith,19.0,4.6
P00993,Vertex Pro 0993,Grocery,Pulse,21.78,4.0
P00994,Pulse Pro 0994,Electronics,Vertex,330.39,4.7
P00995,Zenith Pro 0995,Toys,Nova,48.09,4.2
P00996,Apex Max 0996,Fashion,Orion,23.73,4.7
P00997,Zenith Classic 0997,Beauty,Apex,8.13,4.2
P00998,Prime Plus 0998,Books,Vertex,7.75,3.7
P00999,Apex Classic 0999,Sports,Urban,12.81,4.1
P01000,Urban Pro 1000,Grocery,Nova,38.15,3.9
P01001,Urban Plus 1001,Home & Kitchen,Nexa,94.99,4.8
P01002,Pulse Classic 1002,Sports,Urban,60.94,3.4
P01003,Orion Pro 1003,Sports,Nexa,100.69,3.2
P01004,Core Essential 1004,Fashion,Orion,58.24,4.3
P01005,Pulse Classic 1005,Office,Orion,11.61,3.9
P01006,Core Plus 1006,Sports,Urban,51.3,3.5
P01007,Zenith Max 1007,Beauty,Orion,53.31,4.1
P01008,Pulse Max 1008,Sports,Prime,31.41,4.2
P01009,Zenith Plus 1009,Office,Zenith,26.57,4.8
P01010,Pulse Plus 1010,Accessories,Core,30.63,3.1
P01011,Apex Max 1011,Toys,Vertex,8.7,4.2
P01012,Nova Pro 1012,Electronics,Nexa,10.55,5.0
P01013,Pulse Pro 1013,Fashion,Apex,344.79,5.0
P01014,Apex Series 1014,Accessories,Core,11.35,4.2
P01015,Urban Plus 1015,Beauty,Prime,7.14,3.8
P01016,Urban Plus 1016,Beauty,Nova,18.3,4.0
P01017,Nexa Classic 1017,Office,Nova,52.91,3.6
P01018,Nexa Series 1018,Books,Vertex,58.0,3.9
P01019,Urban Plus 1019,Fashion,Core,13.93,4.1
P01020,Vertex Essential 1020,Fashion,Core,38.18,4.4
P01021,Urban Essential 1021,Accessories,Vertex,21.44,4.6
P01022,Orion Essential 1022,Sports,Nexa,41.54,4.0
P01023,Nexa Pro 1023,Toys,Pulse,26.88,4.0
P01024,Orion Pro 1024,Sports,Vertex,18.74,4.6
P01025,Orion Plus 1025,Books,Orion,19.51,3.9
P01026,Apex Series 1026,Grocery,Zenith,4.84,4.5
P01027,Apex Pro 1027,Grocery,Core,28.67,3.2
P01028,Core Pro 1028,Home & Kitchen,Pulse,32.67,4.4
P01029,Nexa Plus 1029,Accessories,Vertex,9.85,5.0
P01030,Nova Plus 1030,Office,Nova,25.85,3.6
P01031,Apex Plus 1031,Books,Apex,27.82,4.9
P01032,Zenith Max 1032,Toys,Nova,6.6,4.5
P01033,Core Series 1033,Fashion,Vertex,17.48,4.6
P01034,Nova Max 1034,Beauty,Zenith,16.99,4.5
P01035,Nexa Pro 1035,Books,Zenith,41.15,3.8
P01036,Zenith Pro 1036,Toys,Nova,107.35,3.4
P01037,Vertex Series 1037,Books,Nexa,36.52,4.4
P01038,Vertex Max 1038,Sports,Urban,99.38,4.0
P01039,Vertex Classic 1039,Home & Kitchen,Apex,28.65,3.3
P01040,Core Classic 1040,Toys,Orion,48.88,3.9
P01041,Pulse Series 1041,Sports,Nova,37.17,3.5
P01042,Pulse Plus 1042,Accessories,Urban,306.63,5.0
P01043,Urban Plus 1043,Beauty,Zenith,30.52,4.6
P01044,Vertex Max 1044,Office,Orion,70.78,3.6
P01045,Zenith Pro 1045,Home & Kitchen,Orion,42.01,4.4
P01046,Pulse Max 1046,Toys,Orion,96.39,3.5
P01047,Nexa Essential 1047,Toys,Zenith,61.82,3.1
P01048,Orion Pro 1048,Electronics,Core,47.56,3.7
P01049,Core Pro 1049,Sports,Nexa,12.53,4.0
P01050,Apex Series 1050,Fashion,Nexa,13.56,4.3
P01051,Nova Max 1051,Accessories,Urban,20.1,4.6
P01052,Orion Plus 1052,Accessories,Urban,26.9,3.9
P01053,Vertex Max 1053,Toys,Apex,38.68,4.5
P01054,Zenith Series 1054,Accessories,Core,20.15,3.2
P01055,Zenith Series 1055,Home & Kitchen,Zenith,5.91,4.9
P01056,Nexa Plus 1056,Office,Prime,88.23,3.2
P01057,Orion Classic 1057,Grocery,Prime,52.35,3.8
P01058,Nova Classic 1058,Office,Vertex,36.95,3.7
P01059,Nova Pro 1059,Office,Prime,108.18,3.3
P01060,Prime Plus 1060,Office,Prime,16.98,4.3
P01061,Core Series 1061,Electronics,Pulse,31.11,5.0
P01062,Core Classic 1062,Fashion,Zenith,40.4,3.1
P01063,Core Max 1063,Grocery,Zenith,24.09,2.8
P01064,Zenith Pro 1064,Grocery,Core,17.1,3.6
P01065,Zenith Essential 1065,Office,Urban,76.91,4.0
P01066,Nexa Max 1066,Grocery,Nexa,45.19,4.5
P01067,Vertex Max 1067,Toys,Orion,61.37,3.8
P01068,Urban Plus 1068,Home & Kitchen,Prime,16.68,3.1
P01069,Core Max 1069,Fashion,Nexa,73.87,4.8
P01070,Apex Essential 1070,Accessories,Nexa,19.97,3.6
P01071,Prime Essential 1071,Home & Kitchen,Orion,43.72,4.4
P01072,Nexa Pro 1072,Toys,Core,207.88,3.5
P01073,Nova Series 1073,Electronics,Orion,75.36,4.0
P01074,Core Max 1074,Fashion,Pulse,47.5,4.3
P01075,Nova Pro 1075,Electronics,Pulse,118.01,3.6
P01076,Vertex Essential 1076,Books,Orion,20.96,4.3
P01077,Zenith Plus 1077,Beauty,Zenith,54.43,3.9
P01078,Vertex Pro 1078,Electronics,Vertex,16.55,3.8
P01079,Apex Series 1079,Sports,Nova,25.27,4.9
P01080,Nexa Essential 1080,Beauty,Vertex,146.5,4.3
P01081,Pulse Essential 1081,Office,Pulse,44.77,4.4
P01082,Orion Classic 1082,Office,Pulse,124.19,4.5
P01083,Nova Pro 1083,Home & Kitchen,Urban,31.91,4.4
P01084,Orion Max 1084,Toys,Zenith,105.01,4.3
P01085,Zenith Pro 1085,Grocery,Nova,36.67,4.8
P01086,Urban Pro 1086,Beauty,Urban,39.48,3.6
P01087,Nexa Max 1087,Accessories,Pulse,35.77,4.2
P01088,Pulse Series 1088,Fashion,Core,48.42,3.9
P01089,Urban Max 1089,Books,Vertex,27.73,4.2
P01090,Vertex Pro 1090,Toys,Prime,10.03,3.7
P01091,Vertex Plus 1091,Toys,Urban,33.89,3.2
P01092,Zenith Series 1092,Books,Orion,39.43,4.5
P01093,Pulse Pro 1093,Accessories,Vertex,152.43,5.0
P01094,Core Classic 1094,Electronics,Prime,4.58,4.7
P01095,Apex Classic 1095,Accessories,Prime,150.05,4.6
P01096,Vertex Classic 1096,Accessories,Core,89.91,4.2
P01097,Pulse Plus 1097,Beauty,Prime,64.87,4.0
P01098,Vertex Essential 1098,Sports,Pulse,40.21,4.0
P01099,Prime Max 1099,Fashion,Nexa,13.97,4.0
P01100,Urban Max 1100,Toys,Nexa,202.57,3.7
P01101,Core Pro 1101,Home & Kitchen,Apex,106.33,3.2
P01102,Nexa Plus 1102,Grocery,Nova,43.86,4.2
P01103,Core Max 1103,Accessories,Core,45.26,3.9
P01104,Pulse Max 1104,Books,Apex,31.73,4.7
P01105,Core Essential 1105,Accessories,Nova,59.76,4.5
P01106,Urban Plus 1106,Books,Nexa,33.63,3.0
P01107,Pulse Plus 1107,Fashion,Core,46.18,5.0
P01108,Apex Max 1108,Office,Pulse,51.91,3.8
P01109,Core Pro 1109,Fashion,Zenith,311.88,3.9
P01110,Zenith Pro 1110,Home & Kitchen,Urban,15.43,3.2
P01111,Prime Classic 1111,Sports,Urban,40.42,4.2
P01112,Zenith Max 1112,Beauty,Vertex,105.64,4.3
P01113,Zenith Series 1113,Books,Nexa,73.65,5.0
P01114,Prime Series 1114,Sports,Nexa,64.4,4.6
P01115,Core Essential 1115,Books,Pulse,526.12,3.8
P01116,Zenith Series 1116,Beauty,Apex,93.17,3.1
P01117,Nova Pro 1117,Fashion,Zenith,19.95,3.8
P01118,Prime Plus 1118,Electronics,Nexa,17.99,4.7
P01119,Nexa Plus 1119,Sports,Prime,33.81,3.9
P01120,Urban Series 1120,Books,Vertex,23.64,3.5
P01121,Vertex Max 1121,Sports,Urban,37.59,4.2
P01122,Zenith Classic 1122,Sports,Nexa,47.44,3.9
P01123,Urban Plus 1123,Books,Zenith,44.76,3.8
P01124,Urban Essential 1124,Beauty,Orion,3.83,3.7
P01125,Nexa Plus 1125,Beauty,Apex,17.73,4.2
P01126,Zenith Max 1126,Grocery,Zenith,66.67,4.7
P01127,Prime Plus 1127,Grocery,Prime,153.64,4.4
P01128,Vertex Classic 1128,Fashion,Apex,24.34,3.0
P01129,Nova Max 1129,Toys,Urban,24.44,5.0
P01130,Nova Essential 1130,Sports,Apex,32.3,4.5
P01131,Pulse Max 1131,Sports,Zenith,165.26,4.3
P01132,Orion Series 1132,Fashion,Core,36.73,4.3
P01133,Zenith Pro 1133,Home & Kitchen,Zenith,4.65,4.4
P01134,Zenith Essential 1134,Fashion,Nexa,174.9,4.3
P01135,Nova Plus 1135,Toys,Prime,65.22,3.6
P01136,Urban Series 1136,Fashion,Pulse,10.93,4.4
P01137,Prime Plus 1137,Home & Kitchen,Apex,22.09,4.2
P01138,Pulse Max 1138,Beauty,Zenith,17.1,4.3
P01139,Pulse Essential 1139,Sports,Nova,29.0,3.8
P01140,Urban Classic 1140,Toys,Nova,133.45,4.7
P01141,Vertex Series 1141,Electronics,Vertex,6.52,3.8
P01142,Pulse Pro 1142,Grocery,Apex,25.69,4.1
P01143,Pulse Plus 1143,Office,Core,38.68,3.8
P01144,Prime Pro 1144,Fashion,Prime,32.88,3.6
P01145,Nova Classic 1145,Books,Orion,17.09,4.5
P01146,Urban Pro 1146,Beauty,Prime,102.13,3.8
P01147,Apex Essential 1147,Sports,Apex,30.34,4.2
P01148,Nexa Series 1148,Office,Nova,27.03,3.3
P01149,Zenith Pro 1149,Books,Prime,47.79,3.1
P01150,Urban Series 1150,Home & Kitchen,Zenith,27.2,5.0
P01151,Nova Series 1151,Fashion,Prime,21.26,5.0
P01152,Apex Pro 1152,Grocery,Apex,15.22,3.8
P01153,Pulse Plus 1153,Grocery,Zenith,251.24,4.4
P01154,Prime Pro 1154,Electronics,Urban,71.47,3.9
P01155,Nova Series 1155,Office,Prime,24.81,4.5
P01156,Nexa Pro 1156,Grocery,Vertex,109.9,3.5
P01157,Pulse Series 1157,Home & Kitchen,Apex,56.06,3.5
P01158,Nova Series 1158,Office,Nexa,36.23,4.1
P01159,Nexa Series 1159,Office,Nexa,13.86,4.3
P01160,Urban Max 1160,Grocery,Vertex,16.62,3.7
P01161,Apex Max 1161,Office,Nexa,83.68,3.4
P01162,Nova Classic 1162,Sports,Vertex,68.88,4.8
P01163,Nova Essential 1163,Electronics,Urban,10.17,3.8
P01164,Zenith Pro 1164,Grocery,Core,24.25,3.9
P01165,Vertex Plus 1165,Sports,Nova,64.54,4.8
P01166,Vertex Pro 1166,Electronics,Zenith,95.25,5.0
P01167,Urban Essential 1167,Beauty,Vertex,55.61,4.3
P01168,Zenith Essential 1168,Electronics,Pulse,23.21,4.6
P01169,Nova Plus 1169,Accessories,Pulse,43.28,3.5
P01170,Vertex Series 1170,Office,Pulse,28.95,4.5
P01171,Urban Pro 1171,Home & Kitchen,Orion,49.36,4.6
P01172,Urban Series 1172,Grocery,Nexa,132.37,3.6
P01173,Prime Series 1173,Beauty,Vertex,17.31,3.8
P01174,Prime Essential 1174,Accessories,Apex,45.07,4.8
P01175,Zenith Classic 1175,Home & Kitchen,Vertex,32.08,3.9
P01176,Urban Plus 1176,Fashion,Apex,27.63,4.9
P01177,Orion Classic 1177,Home & Kitchen,Urban,30.86,4.1
P01178,Vertex Classic 1178,Office,Apex,114.16,4.1
P01179,Vertex Classic 1179,Sports,Core,58.96,4.6
P01180,Zenith Max 1180,Electronics,Pulse,22.74,5.0
P01181,Urban Pro 1181,Fashion,Nexa,62.8,4.5
P01182,Vertex Essential 1182,Electronics,Zenith,21.17,4.2
P01183,Orion Plus 1183,Office,Zenith,6.99,4.8
P01184,Prime Essential 1184,Grocery,Orion,4.4,4.8
P01185,Zenith Series 1185,Beauty,Urban,54.93,4.4
P01186,Orion Essential 1186,Fashion,Core,27.1,4.3
P01187,Zenith Pro 1187,Grocery,Core,85.89,4.5
P01188,Pulse Pro 1188,Accessories,Nexa,49.59,3.3
P01189,Urban Series 1189,Grocery,Apex,44.25,3.5
P01190,Apex Series 1190,Books,Orion,23.33,4.2
P01191,Core Plus 1191,Fashion,Nova,55.97,3.7
P01192,Nova Essential 1192,Grocery,Apex,141.45,4.1
P01193,Vertex Max 1193,Sports,Orion,5.69,4.2
P01194,Apex Classic 1194,Sports,Core,30.59,3.6
P01195,Pulse Essential 1195,Accessories,Urban,117.45,4.4
P01196,Nexa Classic 1196,Electronics,Zenith,12.48,3.1
P01197,Prime Plus 1197,Toys,Vertex,39.47,3.9
P01198,Urban Classic 1198,Grocery,Apex,18.92,3.3
P01199,Orion Series 1199,Office,Prime,27.51,3.9
P01200,Zenith Series 1200,Fashion,Apex,7.1,4.6
P01201,Prime Plus 1201,Grocery,Vertex,84.91,3.7
P01202,Prime Series 1202,Electronics,Core,40.08,3.0
P01203,Orion Series 1203,Grocery,Orion,9.54,4.0
P01204,Pulse Essential 1204,Toys,Urban,51.01,3.6
P01205,Orion Essential 1205,Beauty,Prime,42.21,4.1
P01206,Core Classic 1206,Toys,Core,18.83,4.0
P01207,Pulse Max 1207,Office,Nova,205.76,4.2
P01208,Nexa Series 1208,Toys,Zenith,55.69,4.7
P01209,Vertex Classic 1209,Office,Nexa,111.78,3.9
P01210,Core Series 1210,Electronics,Urban,30.28,4.1
P01211,Nova Pro 1211,Fashion,Zenith,8.11,3.9
P01212,Nova Classic 1212,Toys,Prime,4.32,4.7
P01213,Urban Plus 1213,Sports,Apex,14.05,4.2
P01214,Vertex Series 1214,Accessories,Orion,117.73,4.4
P01215,Zenith Pro 1215,Toys,Pulse,22.12,4.5
P01216,Core Essential 1216,Fashion,Vertex,89.34,3.0
P01217,Nova Pro 1217,Electronics,Urban,12.25,4.5
P01218,Orion Max 1218,Sports,Prime,19.28,4.3
P01219,Apex Pro 1219,Office,Pulse,21.95,3.7
P01220,Prime Max 1220,Sports,Zenith,42.86,4.8
P01221,Vertex Series 1221,Toys,Orion,10.36,4.6
P01222,Nova Pro 1222,Electronics,Apex,17.12,4.0
P01223,Core Max 1223,Office,Apex,28.38,3.0
P01224,Orion Pro 1224,Home & Kitchen,Nova,10.45,4.1
P01225,Apex Plus 1225,Books,Orion,7.18,3.6
P01226,Nova Classic 1226,Grocery,Nexa,35.91,2.9
P01227,Zenith Series 1227,Beauty,Pulse,10.6,4.4
P01228,Apex Essential 1228,Fashion,Core,104.43,4.9
P01229,Vertex Series 1229,Fashion,Nova,107.04,4.0
P01230,Orion Plus 1230,Fashion,Orion,20.7,4.2
P01231,Vertex Pro 1231,Home & Kitchen,Prime,60.17,4.8
P01232,Nexa Essential 1232,Electronics,Orion,37.24,4.2
P01233,Vertex Series 1233,Sports,Nexa,91.5,3.8
P01234,Vertex Classic 1234,Office,Orion,23.17,2.9
P01235,Zenith Classic 1235,Sports,Pulse,55.41,4.5
P01236,Orion Pro 1236,Sports,Orion,46.34,4.3
P01237,Pulse Series 1237,Beauty,Orion,44.26,4.6
P01238,Nova Essential 1238,Fashion,Zenith,20.11,2.8
P01239,Pulse Essential 1239,Fashion,Core,101.75,5.0
P01240,Vertex Essential 1240,Home & Kitchen,Vertex,24.24,3.7
P01241,Prime Pro 1241,Sports,Pulse,24.11,4.7
P01242,Prime Essential 1242,Beauty,Vertex,18.31,3.1
P01243,Prime Classic 1243,Books,Zenith,19.33,3.7
P01244,Nexa Pro 1244,Home & Kitchen,Nova,28.21,3.8
P01245,Vertex Classic 1245,Home & Kitchen,Nexa,52.46,3.5
P01246,Urban Max 1246,Grocery,Core,70.84,3.6
P01247,Pulse Plus 1247,Books,Nexa,39.3,5.0
P01248,Prime Series 1248,Fashion,Zenith,125.21,3.9
P01249,Vertex Pro 1249,Sports,Pulse,38.91,5.0
P01250,Zenith Pro 1250,Fashion,Urban,6.95,4.7
P01251,Core Pro 1251,Home & Kitchen,Core,12.38,3.0
P01252,Apex Plus 1252,Fashion,Core,65.72,3.9
P01253,Core Max 1253,Electronics,Zenith,26.12,3.9
P01254,Vertex Plus 1254,Toys,Nova,24.56,3.6
P01255,Pulse Essential 1255,Books,Prime,14.69,4.8
P01256,Orion Max 1256,Sports,Orion,24.41,4.6
P01257,Zenith Pro 1257,Books,Apex,24.74,5.0
P01258,Pulse Max 1258,Grocery,Apex,54.43,3.8
P01259,Zenith Classic 1259,Fashion,Nexa,28.08,4.3
P01260,Core Series 1260,Fashion,Orion,110.41,3.9
P01261,Zenith Pro 1261,Sports,Prime,19.41,3.9
P01262,Pulse Essential 1262,Sports,Urban,42.07,4.5
P01263,Zenith Max 1263,Electronics,Nexa,7.89,5.0
P01264,Urban Plus 1264,Beauty,Core,63.33,4.6
P01265,Core Classic 1265,Accessories,Vertex,9.74,4.6
P01266,Prime Classic 1266,Grocery,Apex,58.46,4.1
P01267,Prime Plus 1267,Fashion,Nexa,6.68,4.6
P01268,Zenith Max 1268,Sports,Apex,13.81,4.7
P01269,Apex Max 1269,Sports,Zenith,74.4,3.6
P01270,Apex Max 1270,Toys,Urban,143.06,4.1
P01271,Nexa Classic 1271,Grocery,Urban,3.04,3.9
P01272,Pulse Essential 1272,Accessories,Vertex,13.12,3.8
P01273,Orion Pro 1273,Toys,Pulse,181.62,4.6
P01274,Pulse Pro 1274,Home & Kitchen,Urban,39.77,4.0
P01275,Prime Pro 1275,Grocery,Core,13.82,4.4
P01276,Nova Essential 1276,Grocery,Zenith,132.25,4.4
P01277,Nexa Series 1277,Home & Kitchen,Nova,59.28,4.0
P01278,Orion Max 1278,Books,Nexa,38.64,3.3
P01279,Zenith Max 1279,Office,Core,6.23,3.9
P01280,Zenith Series 1280,Electronics,Orion,230.84,4.4
P01281,Orion Max 1281,Toys,Nova,44.32,4.3
P01282,Pulse Plus 1282,Office,Core,26.49,3.0
P01283,Core Essential 1283,Home & Kitchen,Orion,130.44,4.5
P01284,Zenith Essential 1284,Sports,Apex,15.34,3.8
P01285,Urban Max 1285,Toys,Apex,13.08,4.4
P01286,Core Pro 1286,Office,Apex,14.58,4.5
P01287,Vertex Max 1287,Accessories,Vertex,24.86,4.4
P01288,Apex Series 1288,Electronics,Zenith,35.85,5.0
P01289,Orion Classic 1289,Accessories,Nexa,62.27,4.6
P01290,Pulse Series 1290,Sports,Vertex,11.35,3.9
P01291,Orion Series 1291,Books,Urban,45.98,3.9
P01292,Nova Series 1292,Grocery,Urban,20.35,4.1
P01293,Zenith Max 1293,Home & Kitchen,Urban,31.76,3.9
P01294,Vertex Pro 1294,Toys,Zenith,103.92,4.3
P01295,Pulse Essential 1295,Beauty,Vertex,54.54,3.5
P01296,Orion Series 1296,Accessories,Vertex,58.78,4.9
P01297,Nova Series 1297,Books,Nova,20.1,4.1
P01298,Prime Plus 1298,Toys,Vertex,198.0,4.8
P01299,Core Max 1299,Books,Orion,64.09,3.4
P01300,Prime Plus 1300,Grocery,Urban,23.88,3.5
P01301,Vertex Classic 1301,Books,Vertex,97.74,4.7
P01302,Core Series 1302,Toys,Zenith,58.4,3.7
P01303,Prime Essential 1303,Grocery,Nexa,11.23,3.6
P01304,Urban Essential 1304,Electronics,Urban,41.9,4.7
P01305,Zenith Max 1305,Office,Pulse,14.64,3.7
P01306,Core Essential 1306,Beauty,Orion,5.58,4.1
P01307,Nexa Pro 1307,Books,Pulse,23.71,3.8
P01308,Zenith Pro 1308,Electronics,Urban,97.12,4.5
P01309,Zenith Plus 1309,Beauty,Nova,131.93,4.2
P01310,Apex Classic 1310,Books,Zenith,22.1,4.6
P01311,Nexa Series 1311,Toys,Nexa,27.07,3.4
P01312,Zenith Classic 1312,Books,Nexa,122.96,4.2
P01313,Apex Series 1313,Beauty,Urban,64.0,4.2
P01314,Zenith Series 1314,Toys,Vertex,54.37,3.7
P01315,Urban Essential 1315,Office,Nova,39.68,3.5
P01316,Core Plus 1316,Home & Kitchen,Zenith,67.2,4.1
P01317,Prime Plus 1317,Books,Urban,34.07,3.9
P01318,Vertex Series 1318,Sports,Vertex,138.64,4.7
P01319,Zenith Series 1319,Home & Kitchen,Urban,31.43,4.6
P01320,Apex Essential 1320,Accessories,Nova,30.98,3.7
P01321,Prime Max 1321,Toys,Zenith,5.5,4.0
P01322,Nova Essential 1322,Fashion,Orion,90.71,4.4
P01323,Urban Series 1323,Toys,Urban,14.72,4.5
P01324,Zenith Classic 1324,Books,Vertex,4.15,4.8
P01325,Zenith Series 1325,Toys,Prime,29.8,4.1
P01326,Apex Series 1326,Beauty,Prime,25.81,4.2
P01327,Zenith Pro 1327,Office,Prime,52.47,3.1
P01328,Prime Plus 1328,Grocery,Vertex,62.78,3.5
P01329,Prime Series 1329,Grocery,Nova,16.62,4.6
P01330,Prime Pro 1330,Toys,Nova,404.75,3.5
P01331,Pulse Pro 1331,Toys,Zenith,29.2,3.2
P01332,Nexa Essential 1332,Office,Apex,7.66,4.5
P01333,Pulse Classic 1333,Grocery,Prime,145.46,3.9
P01334,Vertex Pro 1334,Electronics,Nexa,67.42,3.7
P01335,Vertex Essential 1335,Books,Apex,50.57,3.3
P01336,Prime Pro 1336,Home & Kitchen,Core,23.65,3.3
P01337,Apex Max 1337,Electronics,Prime,36.47,3.9
P01338,Pulse Series 1338,Office,Nexa,4.97,4.0
P01339,Core Essential 1339,Toys,Nova,27.42,4.8
P01340,Prime Essential 1340,Books,Nexa,319.4,4.0
P01341,Apex Essential 1341,Sports,Apex,14.83,3.9
P01342,Zenith Essential 1342,Sports,Orion,41.04,3.9
P01343,Apex Essential 1343,Accessories,Urban,7.68,2.9
P01344,Orion Essential 1344,Accessories,Pulse,21.91,3.8
P01345,Core Pro 1345,Books,Prime,11.21,4.4
P01346,Pulse Max 1346,Fashion,Nova,51.42,4.1
P01347,Urban Essential 1347,Toys,Zenith,42.5,4.5
P01348,Nova Plus 1348,Beauty,Prime,10.83,4.7
P01349,Nova Series 1349,Sports,Vertex,37.89,3.2
P01350,Core Essential 1350,Toys,Apex,39.12,3.7
P01351,Urban Pro 1351,Toys,Nova,40.97,4.7
P01352,Nexa Essential 1352,Office,Nexa,75.48,4.2
P01353,Zenith Classic 1353,Grocery,Zenith,143.15,4.0
P01354,Nexa Plus 1354,Electronics,Urban,20.14,4.7
P01355,Pulse Max 1355,Sports,Nova,26.57,3.7
P01356,Orion Classic 1356,Accessories,Urban,29.95,3.7
P01357,Zenith Plus 1357,Toys,Prime,10.84,3.7
P01358,Orion Series 1358,Home & Kitchen,Prime,14.13,3.4
P01359,Orion Plus 1359,Electronics,Pulse,58.11,4.0
P01360,Vertex Plus 1360,Grocery,Apex,197.91,4.2
P01361,Zenith Max 1361,Accessories,Nexa,13.73,3.5
P01362,Core Essential 1362,Office,Prime,275.68,4.0
P01363,Orion Plus 1363,Sports,Orion,21.02,3.8
P01364,Urban Essential 1364,Books,Vertex,104.17,4.1
P01365,Pulse Series 1365,Home & Kitchen,Pulse,51.51,4.9
P01366,Zenith Series 1366,Sports,Nova,41.71,4.1
P01367,Prime Essential 1367,Beauty,Vertex,23.83,4.2
P01368,Core Essential 1368,Grocery,Zenith,35.5,5.0
P01369,Nexa Plus 1369,Grocery,Nexa,18.46,3.8
P01370,Vertex Plus 1370,Sports,Nova,81.98,4.4
P01371,Pulse Classic 1371,Grocery,Pulse,95.72,3.8
P01372,Pulse Classic 1372,Books,Urban,19.49,4.5
P01373,Zenith Series 1373,Office,Vertex,8.0,3.6
P01374,Vertex Essential 1374,Books,Vertex,26.06,3.9
P01375,Orion Essential 1375,Beauty,Pulse,209.55,3.8
P01376,Orion Essential 1376,Office,Urban,43.13,3.5
P01377,Orion Series 1377,Fashion,Zenith,98.84,2.9
P01378,Pulse Pro 1378,Accessories,Prime,15.19,4.3
P01379,Core Max 1379,Sports,Nexa,22.6,3.7
P01380,Zenith Series 1380,Office,Apex,26.46,4.0
P01381,Core Essential 1381,Office,Pulse,12.2,4.0
P01382,Orion Max 1382,Beauty,Apex,40.67,3.3
P01383,Pulse Series 1383,Books,Nova,16.76,3.9
P01384,Urban Series 1384,Beauty,Nexa,82.22,3.1
P01385,Zenith Plus 1385,Books,Core,37.93,3.8
P01386,Core Pro 1386,Office,Zenith,132.71,4.9
P01387,Prime Classic 1387,Grocery,Vertex,7.73,3.8
P01388,Core Series 1388,Grocery,Zenith,21.7,3.5
P01389,Nexa Essential 1389,Books,Apex,24.26,3.8
P01390,Prime Max 1390,Electronics,Core,53.1,5.0
P01391,Urban Plus 1391,Electronics,Nexa,23.94,3.9
P01392,Nexa Max 1392,Fashion,Urban,164.93,3.2
P01393,Prime Max 1393,Home & Kitchen,Vertex,29.66,3.1
P01394,Urban Max 1394,Electronics,Orion,15.49,3.9
P01395,Nexa Pro 1395,Electronics,Apex,30.28,4.5
P01396,Vertex Pro 1396,Books,Nova,26.11,4.3
P01397,Prime Series 1397,Toys,Nexa,80.7,4.7
P01398,Urban Essential 1398,Grocery,Nexa,24.16,4.4
P01399,Zenith Series 1399,Fashion,Prime,8.91,4.1
P01400,Nova Pro 1400,Electronics,Vertex,41.06,2.6
P01401,Orion Max 1401,Sports,Vertex,19.48,4.9
P01402,Apex Pro 1402,Grocery,Core,12.38,3.3
P01403,Apex Series 1403,Beauty,Pulse,35.72,5.0
P01404,Pulse Series 1404,Home & Kitchen,Orion,31.08,3.7
P01405,Urban Series 1405,Accessories,Urban,28.7,3.7
P01406,Prime Classic 1406,Accessories,Vertex,44.24,3.8
P01407,Pulse Essential 1407,Fashion,Nova,20.79,4.1
P01408,Orion Pro 1408,Toys,Prime,38.85,3.3
P01409,Core Classic 1409,Electronics,Vertex,20.59,3.6
P01410,Urban Series 1410,Grocery,Pulse,73.36,4.6
P01411,Orion Max 1411,Grocery,Prime,34.26,4.8
P01412,Zenith Series 1412,Fashion,Apex,169.04,3.5
P01413,Nexa Max 1413,Sports,Nova,22.42,4.3
P01414,Vertex Pro 1414,Beauty,Vertex,48.27,3.8
P01415,Apex Essential 1415,Toys,Urban,96.75,4.4
P01416,Apex Essential 1416,Toys,Vertex,56.71,3.6
P01417,Urban Essential 1417,Grocery,Apex,39.72,4.5
P01418,Orion Series 1418,Sports,Prime,47.36,4.0
P01419,Core Pro 1419,Sports,Orion,55.26,3.8
P01420,Urban Classic 1420,Grocery,Urban,45.76,4.1
P01421,Orion Pro 1421,Sports,Apex,34.54,4.9
P01422,Orion Max 1422,Electronics,Vertex,67.95,4.0
P01423,Core Series 1423,Fashion,Apex,32.43,4.3
P01424,Nova Plus 1424,Home & Kitchen,Nexa,14.43,4.1
P01425,Nova Classic 1425,Office,Orion,223.17,4.2
P01426,Nexa Pro 1426,Sports,Zenith,77.1,4.8
P01427,Zenith Max 1427,Grocery,Pulse,15.41,4.6
P01428,Orion Plus 1428,Accessories,Nexa,28.09,3.4
P01429,Prime Classic 1429,Accessories,Apex,20.96,4.4
P01430,Core Classic 1430,Electronics,Pulse,22.35,5.0
P01431,Vertex Essential 1431,Electronics,Urban,76.38,4.0
P01432,Zenith Essential 1432,Electronics,Core,25.97,4.6
P01433,Nexa Max 1433,Electronics,Nexa,196.34,2.6
P01434,Orion Pro 1434,Accessories,Urban,7.14,3.6
P01435,Apex Pro 1435,Electronics,Apex,34.08,5.0
P01436,Pulse Series 1436,Toys,Orion,10.56,4.5
P01437,Pulse Pro 1437,Books,Vertex,47.0,4.2
P01438,Core Plus 1438,Accessories,Pulse,52.35,5.0
P01439,Prime Series 1439,Accessories,Core,78.61,3.5
P01440,Nova Classic 1440,Beauty,Prime,11.6,4.8
P01441,Orion Plus 1441,Accessories,Apex,51.6,3.6
P01442,Nexa Series 1442,Books,Urban,15.95,4.2
P01443,Urban Plus 1443,Sports,Prime,38.15,3.2
P01444,Core Max 1444,Accessories,Pulse,23.51,3.9
P01445,Vertex Max 1445,Toys,Apex,11.22,4.8
P01446,Apex Series 1446,Accessories,Prime,67.05,3.8
P01447,Zenith Essential 1447,Sports,Apex,27.73,4.4
P01448,Orion Pro 1448,Beauty,Nexa,75.73,3.8
P01449,Vertex Series 1449,Office,Prime,80.76,4.3
P01450,Vertex Series 1450,Fashion,Core,113.93,4.5
P01451,Nova Pro 1451,Sports,Zenith,22.18,3.7
P01452,Pulse Series 1452,Accessories,Pulse,15.17,3.6
P01453,Zenith Plus 1453,Fashion,Apex,103.13,3.9
P01454,Prime Essential 1454,Electronics,Prime,38.39,3.9
P01455,Nexa Max 1455,Home & Kitchen,Orion,117.84,3.0
P01456,Orion Max 1456,Office,Prime,12.07,4.3
P01457,Pulse Plus 1457,Sports,Nexa,65.05,4.3
P01458,Zenith Max 1458,Fashion,Urban,36.38,3.1
P01459,Urban Classic 1459,Books,Prime,33.72,4.6
P01460,Apex Plus 1460,Grocery,Zenith,26.2,3.9
P01461,Vertex Series 1461,Books,Core,12.88,4.3
P01462,Nexa Max 1462,Office,Pulse,63.61,4.0
P01463,Urban Pro 1463,Accessories,Apex,24.59,4.3
P01464,Orion Classic 1464,Books,Apex,42.34,4.2
P01465,Nova Series 1465,Sports,Apex,199.24,4.6
P01466,Apex Max 1466,Beauty,Vertex,21.59,4.1
P01467,Prime Classic 1467,Home & Kitchen,Nexa,26.77,4.5
P01468,Prime Max 1468,Books,Orion,30.23,4.9
P01469,Pulse Plus 1469,Home & Kitchen,Pulse,24.54,4.1
P01470,Prime Pro 1470,Sports,Pulse,25.24,4.0
P01471,Vertex Series 1471,Electronics,Apex,65.58,4.4
P01472,Vertex Series 1472,Fashion,Nexa,115.17,3.0
P01473,Nova Plus 1473,Office,Urban,39.34,3.6
P01474,Core Essential 1474,Sports,Pulse,68.12,3.6
P01475,Prime Max 1475,Toys,Prime,29.96,4.4
P01476,Zenith Series 1476,Grocery,Zenith,29.29,4.2
P01477,Prime Essential 1477,Toys,Nexa,24.42,4.8
P01478,Urban Plus 1478,Toys,Apex,17.59,4.8
P01479,Pulse Pro 1479,Home & Kitchen,Pulse,106.49,3.0
P01480,Nova Essential 1480,Books,Vertex,22.28,3.2
P01481,Nexa Series 1481,Sports,Nova,60.66,4.1
P01482,Orion Classic 1482,Accessories,Nova,16.48,3.2
P01483,Zenith Pro 1483,Office,Orion,36.48,3.0
P01484,Zenith Pro 1484,Beauty,Pulse,34.97,3.7
P01485,Nova Essential 1485,Toys,Core,16.6,3.0
P01486,Vertex Max 1486,Grocery,Urban,25.62,3.5
P01487,Pulse Plus 1487,Books,Vertex,13.38,4.5
P01488,Core Pro 1488,Fashion,Prime,35.53,3.8
P01489,Zenith Series 1489,Sports,Nexa,7.18,4.9
P01490,Urban Max 1490,Electronics,Prime,33.23,3.8
P01491,Zenith Plus 1491,Grocery,Pulse,62.88,4.4
P01492,Pulse Plus 1492,Home & Kitchen,Zenith,34.59,3.8
P01493,Nova Essential 1493,Office,Nova,18.64,4.0
P01494,Urban Essential 1494,Toys,Pulse,19.51,3.9
P01495,Urban Max 1495,Accessories,Nexa,103.82,4.4
P01496,Nexa Pro 1496,Electronics,Pulse,40.36,4.5
P01497,Nova Classic 1497,Beauty,Core,74.85,5.0
P01498,Core Classic 1498,Toys,Core,81.76,4.1
P01499,Pulse Plus 1499,Accessories,Nova,23.43,4.4
P01500,Urban Classic 1500,Home & Kitchen,Zenith,14.21,3.5
P01501,Prime Max 1501,Home & Kitchen,Nexa,62.6,4.5
P01502,Pulse Series 1502,Books,Apex,16.18,4.1
P01503,Zenith Plus 1503,Fashion,Urban,20.57,2.6
P01504,Core Pro 1504,Beauty,Pulse,38.42,3.6
P01505,Urban Plus 1505,Fashion,Nexa,27.92,3.0
P01506,Urban Series 1506,Electronics,Zenith,4.36,3.7
P01507,Nexa Pro 1507,Books,Apex,11.52,4.3
P01508,Zenith Series 1508,Home & Kitchen,Pulse,86.77,3.9
P01509,Nova Max 1509,Home & Kitchen,Orion,32.53,4.4
P01510,Nexa Classic 1510,Toys,Vertex,67.68,2.8
P01511,Nexa Max 1511,Sports,Nova,16.86,4.6
P01512,Urban Classic 1512,Grocery,Orion,12.87,4.2
P01513,Core Classic 1513,Home & Kitchen,Pulse,67.03,3.4
P01514,Urban Pro 1514,Office,Prime,112.41,4.1
P01515,Urban Pro 1515,Grocery,Zenith,15.96,5.0
P01516,Core Series 1516,Toys,Zenith,87.47,4.9
P01517,Prime Essential 1517,Office,Nexa,14.54,5.0
P01518,Nexa Max 1518,Grocery,Nova,8.02,4.0
P01519,Orion Essential 1519,Fashion,Apex,59.3,4.7
P01520,Nova Pro 1520,Grocery,Pulse,14.82,4.8
P01521,Core Pro 1521,Books,Prime,11.78,3.5
P01522,Prime Essential 1522,Home & Kitchen,Apex,12.01,4.8
P01523,Nexa Plus 1523,Books,Nova,25.59,4.7
P01524,Nova Essential 1524,Sports,Nexa,7.57,3.7
P01525,Urban Classic 1525,Fashion,Vertex,59.75,4.2
P01526,Apex Plus 1526,Electronics,Apex,53.99,4.8
P01527,Nexa Pro 1527,Toys,Prime,53.94,4.1
P01528,Zenith Series 1528,Home & Kitchen,Urban,103.78,4.6
P01529,Nova Pro 1529,Electronics,Zenith,83.85,3.8
P01530,Apex Essential 1530,Electronics,Apex,15.46,3.5
P01531,Nexa Plus 1531,Toys,Core,64.2,3.4
P01532,Nexa Max 1532,Electronics,Prime,95.15,3.9
P01533,Prime Classic 1533,Accessories,Urban,72.83,4.3
P01534,Pulse Series 1534,Books,Core,77.91,3.1
P01535,Orion Classic 1535,Beauty,Orion,30.56,5.0
P01536,Orion Classic 1536,Beauty,Core,19.53,4.7
P01537,Nexa Classic 1537,Sports,Orion,28.34,4.4
P01538,Vertex Series 1538,Home & Kitchen,Prime,18.67,4.5
P01539,Urban Series 1539,Sports,Nexa,86.35,3.7
P01540,Nova Pro 1540,Home & Kitchen,Nova,41.4,3.3
P01541,Nova Pro 1541,Beauty,Prime,73.46,4.3
P01542,Prime Plus 1542,Office,Nova,9.5,4.7
P01543,Vertex Pro 1543,Sports,Zenith,23.42,3.8
P01544,Core Classic 1544,Books,Urban,13.91,3.6
P01545,Vertex Classic 1545,Books,Vertex,8.1,3.8
P01546,Orion Plus 1546,Accessories,Vertex,45.84,4.4
P01547,Prime Series 1547,Beauty,Pulse,13.43,4.4
P01548,Core Max 1548,Sports,Vertex,25.02,5.0
P01549,Urban Classic 1549,Books,Prime,14.6,4.3
P01550,Apex Plus 1550,Beauty,Core,24.26,3.6
P01551,Zenith Series 1551,Books,Prime,59.46,3.9
P01552,Prime Max 1552,Home & Kitchen,Apex,14.8,3.5
P01553,Pulse Essential 1553,Toys,Orion,23.27,4.7
P01554,Apex Series 1554,Fashion,Zenith,56.31,3.5
P01555,Zenith Series 1555,Office,Apex,64.64,3.8
P01556,Prime Classic 1556,Beauty,Zenith,24.55,4.4
P01557,Vertex Essential 1557,Accessories,Vertex,45.66,5.0
P01558,Apex Series 1558,Sports,Apex,73.04,5.0
P01559,Vertex Series 1559,Accessories,Orion,13.52,3.4
P01560,Orion Classic 1560,Office,Nexa,18.41,4.5
P01561,Nexa Classic 1561,Office,Orion,25.0,4.1
P01562,Prime Max 1562,Office,Core,52.33,4.0
P01563,Prime Plus 1563,Office,Nova,41.41,3.9
P01564,Zenith Max 1564,Books,Zenith,37.1,3.4
P01565,Nova Classic 1565,Grocery,Prime,13.88,5.0
P01566,Vertex Essential 1566,Sports,Orion,76.64,3.0
P01567,Apex Essential 1567,Sports,Urban,22.34,4.0
P01568,Nexa Essential 1568,Fashion,Zenith,27.53,4.9
P01569,Nexa Max 1569,Toys,Nova,41.73,4.2
P01570,Urban Plus 1570,Home & Kitchen,Urban,206.65,3.7
P01571,Urban Plus 1571,Fashion,Nexa,19.66,3.8
P01572,Orion Plus 1572,Home & Kitchen,Nexa,18.79,4.6
P01573,Prime Pro 1573,Grocery,Zenith,24.98,3.9
P01574,Apex Essential 1574,Beauty,Urban,99.5,4.1
P01575,Urban Max 1575,Office,Apex,40.03,4.4
P01576,Vertex Max 1576,Grocery,Vertex,49.09,4.6
P01577,Urban Essential 1577,Grocery,Urban,72.35,3.8
P01578,Prime Classic 1578,Grocery,Urban,96.55,3.3
P01579,Apex Classic 1579,Grocery,Core,19.15,3.5
P01580,Pulse Essential 1580,Grocery,Pulse,56.03,4.9
P01581,Nexa Plus 1581,Accessories,Apex,98.77,4.1
P01582,Core Plus 1582,Home & Kitchen,Pulse,42.12,3.4
P01583,Nexa Plus 1583,Accessories,Urban,16.75,3.6
P01584,Core Essential 1584,Grocery,Urban,14.04,4.7
P01585,Nova Pro 1585,Office,Prime,52.56,4.1
P01586,Orion Max 1586,Electronics,Core,12.4,3.2
P01587,Prime Plus 1587,Sports,Pulse,16.84,3.5
P01588,Nexa Classic 1588,Home & Kitchen,Pulse,22.52,4.7
P01589,Core Max 1589,Office,Prime,45.05,3.8
P01590,Pulse Classic 1590,Sports,Nova,59.18,5.0
P01591,Prime Plus 1591,Grocery,Zenith,18.47,5.0
P01592,Nova Series 1592,Accessories,Vertex,10.9,4.9
P01593,Nexa Series 1593,Accessories,Prime,72.97,4.4
P01594,Prime Series 1594,Electronics,Apex,64.29,4.7
P01595,Prime Pro 1595,Toys,Orion,53.4,4.1
P01596,Zenith Classic 1596,Grocery,Nova,49.06,4.1
P01597,Apex Essential 1597,Office,Nexa,24.48,3.4
P01598,Orion Series 1598,Fashion,Orion,29.83,4.1
P01599,Vertex Series 1599,Books,Prime,37.47,3.4
P01600,Core Max 1600,Fashion,Nova,16.39,4.1
P01601,Pulse Pro 1601,Accessories,Nexa,49.42,3.4
P01602,Pulse Plus 1602,Fashion,Urban,38.96,3.6
P01603,Pulse Classic 1603,Home & Kitchen,Core,30.98,2.7
P01604,Apex Plus 1604,Accessories,Orion,79.57,3.7
P01605,Zenith Classic 1605,Grocery,Orion,31.96,3.7
P01606,Vertex Plus 1606,Grocery,Prime,63.37,3.9
P01607,Urban Plus 1607,Home & Kitchen,Orion,12.01,4.8
P01608,Zenith Plus 1608,Books,Urban,74.55,4.1
P01609,Urban Series 1609,Sports,Pulse,60.29,4.6
P01610,Urban Essential 1610,Home & Kitchen,Nova,244.93,4.6
P01611,Vertex Essential 1611,Sports,Orion,147.84,4.9
P01612,Prime Classic 1612,Beauty,Nova,81.29,3.6
P01613,Nova Essential 1613,Accessories,Nexa,21.55,3.4
P01614,Apex Classic 1614,Electronics,Nexa,15.78,4.0
P01615,Pulse Essential 1615,Books,Orion,18.23,3.5
P01616,Zenith Series 1616,Toys,Orion,55.36,4.0
P01617,Nexa Series 1617,Books,Nexa,112.19,3.6
P01618,Prime Max 1618,Sports,Apex,11.77,3.4
P01619,Pulse Classic 1619,Beauty,Nexa,16.38,4.3
P01620,Nexa Series 1620,Sports,Apex,36.07,5.0
P01621,Urban Max 1621,Accessories,Vertex,12.6,4.0
P01622,Nova Classic 1622,Sports,Urban,23.92,4.3
P01623,Vertex Series 1623,Office,Urban,107.3,4.1
P01624,Nova Series 1624,Grocery,Nova,67.0,4.1
P01625,Zenith Series 1625,Toys,Core,73.84,4.9
P01626,Nexa Series 1626,Beauty,Prime,14.43,3.9
P01627,Orion Pro 1627,Office,Nova,7.27,2.3
P01628,Nexa Series 1628,Sports,Orion,23.79,3.6
P01629,Core Essential 1629,Toys,Zenith,4.31,4.2
P01630,Core Max 1630,Books,Nexa,52.6,4.0
P01631,Prime Series 1631,Fashion,Zenith,68.58,4.0
P01632,Nexa Pro 1632,Office,Vertex,17.26,3.8
P01633,Prime Essential 1633,Fashion,Vertex,59.1,4.1
P01634,Orion Pro 1634,Home & Kitchen,Pulse,58.81,5.0
P01635,Nexa Plus 1635,Fashion,Vertex,12.76,3.9
P01636,Nova Max 1636,Office,Nova,24.42,5.0
P01637,Pulse Max 1637,Electronics,Nexa,22.97,4.4
P01638,Prime Plus 1638,Accessories,Prime,81.03,3.7
P01639,Urban Plus 1639,Home & Kitchen,Nova,67.66,4.6
P01640,Vertex Classic 1640,Fashion,Nexa,58.58,2.8
P01641,Urban Plus 1641,Sports,Core,21.12,4.1
P01642,Apex Max 1642,Office,Core,119.64,4.4
P01643,Apex Plus 1643,Beauty,Apex,41.2,4.4
P01644,Vertex Essential 1644,Sports,Nexa,54.67,4.5
P01645,Core Max 1645,Books,Prime,166.15,4.5
P01646,Vertex Plus 1646,Sports,Orion,63.53,4.3
P01647,Nexa Essential 1647,Office,Zenith,31.42,4.5
P01648,Pulse Classic 1648,Electronics,Apex,22.36,3.8
P01649,Pulse Essential 1649,Books,Pulse,7.35,4.7
P01650,Orion Essential 1650,Accessories,Core,8.55,3.8
P01651,Core Max 1651,Fashion,Orion,75.61,4.7
P01652,Orion Plus 1652,Home & Kitchen,Orion,5.91,4.1
P01653,Orion Essential 1653,Books,Zenith,86.97,4.2
P01654,Nova Plus 1654,Fashion,Pulse,72.13,4.6
P01655,Prime Max 1655,Beauty,Urban,16.07,4.9
P01656,Orion Essential 1656,Books,Zenith,41.21,4.1
P01657,Urban Max 1657,Books,Nexa,58.79,4.2
P01658,Pulse Pro 1658,Home & Kitchen,Nova,38.02,2.7
P01659,Urban Classic 1659,Fashion,Nova,106.0,3.6
P01660,Nexa Pro 1660,Accessories,Zenith,10.0,3.3
P01661,Zenith Essential 1661,Home & Kitchen,Apex,55.1,3.9
P01662,Pulse Essential 1662,Fashion,Nova,20.23,3.7
P01663,Prime Series 1663,Accessories,Nova,7.32,3.7
P01664,Apex Pro 1664,Beauty,Urban,12.32,3.5
P01665,Pulse Max 1665,Electronics,Core,21.83,4.4
P01666,Orion Plus 1666,Home & Kitchen,Nexa,35.74,3.1
P01667,Orion Max 1667,Fashion,Prime,15.55,3.5
P01668,Prime Classic 1668,Accessories,Nexa,22.19,4.1
P01669,Apex Essential 1669,Accessories,Orion,24.51,4.6
P01670,Pulse Series 1670,Books,Core,15.86,3.6
P01671,Pulse Pro 1671,Books,Orion,21.02,4.7
P01672,Prime Plus 1672,Fashion,Zenith,58.62,2.6
P01673,Zenith Essential 1673,Sports,Core,154.38,4.1
P01674,Orion Series 1674,Beauty,Pulse,42.22,4.3
P01675,Vertex Essential 1675,Office,Prime,39.4,3.6
P01676,Vertex Plus 1676,Office,Pulse,32.56,3.4
P01677,Nova Pro 1677,Accessories,Orion,24.62,4.2
P01678,Zenith Max 1678,Accessories,Orion,58.76,4.1
P01679,Orion Essential 1679,Electronics,Prime,84.79,3.7
P01680,Prime Series 1680,Grocery,Orion,12.3,3.9
P01681,Vertex Max 1681,Accessories,Pulse,89.1,3.8
P01682,Apex Essential 1682,Sports,Zenith,151.15,4.8
P01683,Zenith Max 1683,Beauty,Core,14.13,4.5
P01684,Nexa Max 1684,Office,Core,80.16,4.2
P01685,Prime Plus 1685,Beauty,Zenith,152.5,5.0
P01686,Zenith Classic 1686,Home & Kitchen,Prime,66.66,4.7
P01687,Zenith Pro 1687,Accessories,Core,29.87,4.8
P01688,Urban Essential 1688,Sports,Prime,70.55,5.0
P01689,Nova Pro 1689,Fashion,Apex,16.85,4.0
P01690,Prime Plus 1690,Books,Apex,26.42,3.4
P01691,Nexa Essential 1691,Accessories,Nexa,18.1,3.1
P01692,Vertex Essential 1692,Accessories,Nexa,10.41,4.5
P01693,Orion Max 1693,Sports,Core,36.33,3.6
P01694,Core Series 1694,Grocery,Apex,46.02,5.0
P01695,Nova Max 1695,Beauty,Apex,63.53,3.6
P01696,Pulse Plus 1696,Sports,Orion,3.0,3.5
P01697,Apex Max 1697,Toys,Pulse,41.26,4.5
P01698,Urban Max 1698,Toys,Orion,37.57,4.5
P01699,Vertex Classic 1699,Toys,Orion,13.11,5.0
P01700,Prime Series 1700,Grocery,Nexa,23.46,4.0
P01701,Nexa Pro 1701,Sports,Nova,69.01,4.7
P01702,Vertex Plus 1702,Electronics,Vertex,38.21,4.0
P01703,Urban Plus 1703,Accessories,Core,34.45,4.4
P01704,Vertex Series 1704,Accessories,Core,78.18,4.0
P01705,Zenith Pro 1705,Toys,Urban,281.1,5.0
P01706,Pulse Series 1706,Books,Nexa,28.14,5.0
P01707,Urban Series 1707,Sports,Prime,43.7,3.4
P01708,Nexa Classic 1708,Sports,Core,15.69,4.8
P01709,Prime Pro 1709,Fashion,Urban,241.21,3.6
P01710,Core Series 1710,Office,Pulse,21.53,4.7
P01711,Prime Pro 1711,Electronics,Vertex,6.88,5.0
P01712,Urban Pro 1712,Books,Urban,61.25,3.6
P01713,Zenith Essential 1713,Grocery,Vertex,8.22,3.4
P01714,Apex Pro 1714,Home & Kitchen,Zenith,112.27,3.8
P01715,Prime Max 1715,Grocery,Zenith,59.48,4.7
P01716,Nova Classic 1716,Grocery,Nova,13.88,4.4
P01717,Vertex Essential 1717,Office,Nova,64.0,4.0
P01718,Nova Max 1718,Grocery,Prime,25.92,4.5
P01719,Zenith Classic 1719,Office,Urban,51.39,3.9
P01720,Apex Series 1720,Fashion,Prime,11.05,4.2
P01721,Vertex Pro 1721,Office,Vertex,10.45,4.4
P01722,Orion Max 1722,Grocery,Zenith,46.59,4.4
P01723,Pulse Essential 1723,Beauty,Urban,190.73,5.0
P01724,Nexa Max 1724,Fashion,Zenith,19.58,3.4
P01725,Nova Plus 1725,Accessories,Apex,18.3,4.6
P01726,Urban Plus 1726,Grocery,Pulse,25.8,3.6
P01727,Orion Plus 1727,Office,Pulse,10.64,3.9
P01728,Orion Series 1728,Home & Kitchen,Apex,57.56,4.0
P01729,Zenith Pro 1729,Grocery,Core,78.82,3.9
P01730,Orion Essential 1730,Fashion,Pulse,54.02,3.4
P01731,Prime Essential 1731,Office,Nexa,30.04,3.9
P01732,Nova Essential 1732,Books,Zenith,13.92,4.2
P01733,Orion Pro 1733,Sports,Orion,224.15,4.0
P01734,Apex Max 1734,Grocery,Zenith,16.18,4.9
P01735,Apex Classic 1735,Accessories,Zenith,15.84,4.0
P01736,Urban Max 1736,Toys,Prime,6.98,4.1
P01737,Prime Plus 1737,Books,Orion,9.74,4.2
P01738,Pulse Plus 1738,Books,Orion,47.94,4.0
P01739,Orion Plus 1739,Electronics,Nexa,23.84,4.4
P01740,Urban Essential 1740,Sports,Nova,16.08,3.8
P01741,Nova Series 1741,Grocery,Zenith,17.07,3.5
P01742,Nexa Pro 1742,Books,Nova,22.04,4.1
P01743,Orion Plus 1743,Electronics,Core,19.25,4.3
P01744,Orion Series 1744,Sports,Vertex,123.69,4.2
P01745,Core Classic 1745,Sports,Zenith,25.04,3.6
P01746,Core Plus 1746,Fashion,Orion,39.91,4.2
P01747,Vertex Series 1747,Grocery,Orion,36.92,4.5
P01748,Apex Pro 1748,Accessories,Apex,38.06,4.2
P01749,Core Max 1749,Books,Zenith,25.07,3.7
P01750,Urban Essential 1750,Books,Nexa,22.84,4.1
P01751,Prime Series 1751,Home & Kitchen,Orion,62.44,5.0
P01752,Core Essential 1752,Office,Core,42.65,3.5
P01753,Nova Classic 1753,Home & Kitchen,Zenith,17.68,4.7
P01754,Vertex Pro 1754,Books,Nexa,3.0,2.9
P01755,Pulse Essential 1755,Grocery,Zenith,20.27,3.8
P01756,Urban Classic 1756,Home & Kitchen,Orion,10.29,3.9
P01757,Core Plus 1757,Accessories,Prime,15.25,4.7
P01758,Apex Series 1758,Accessories,Nova,10.65,5.0
P01759,Pulse Pro 1759,Beauty,Core,99.38,4.7
P01760,Nexa Series 1760,Beauty,Nexa,98.75,4.4
P01761,Prime Essential 1761,Beauty,Zenith,69.24,4.7
P01762,Prime Pro 1762,Sports,Prime,25.92,3.4
P01763,Zenith Classic 1763,Grocery,Core,19.22,4.6
P01764,Apex Classic 1764,Home & Kitchen,Nexa,9.12,3.5
P01765,Orion Plus 1765,Sports,Prime,79.7,3.7
P01766,Pulse Series 1766,Home & Kitchen,Prime,76.49,4.3
P01767,Urban Max 1767,Grocery,Zenith,54.54,3.4
P01768,Urban Max 1768,Electronics,Urban,12.91,4.8
P01769,Zenith Classic 1769,Toys,Core,25.84,4.1
P01770,Nexa Essential 1770,Fashion,Zenith,31.43,3.4
P01771,Prime Classic 1771,Beauty,Zenith,7.14,4.9
P01772,Apex Series 1772,Grocery,Nova,126.63,4.0
P01773,Prime Plus 1773,Fashion,Core,10.37,4.0
P01774,Nova Classic 1774,Toys,Urban,17.35,4.0
P01775,Nova Series 1775,Electronics,Apex,7.1,2.5
P01776,Vertex Series 1776,Accessories,Vertex,29.14,4.8
P01777,Zenith Max 1777,Books,Prime,27.98,4.1
P01778,Nexa Classic 1778,Fashion,Core,84.56,4.2
P01779,Urban Pro 1779,Toys,Pulse,14.92,4.5
P01780,Pulse Classic 1780,Sports,Zenith,13.18,3.9
P01781,Zenith Classic 1781,Grocery,Nexa,37.62,3.5
P01782,Zenith Max 1782,Grocery,Prime,5.41,3.6
P01783,Core Plus 1783,Accessories,Core,116.01,4.6
P01784,Vertex Pro 1784,Books,Nova,10.65,4.1
P01785,Nova Pro 1785,Beauty,Nexa,179.58,4.7
P01786,Core Pro 1786,Home & Kitchen,Nexa,17.16,4.7
P01787,Core Series 1787,Fashion,Nova,9.69,4.6
P01788,Nova Classic 1788,Sports,Pulse,59.15,4.8
P01789,Pulse Classic 1789,Grocery,Core,56.17,3.7
P01790,Nexa Plus 1790,Office,Nova,57.4,4.4
P01791,Apex Pro 1791,Home & Kitchen,Orion,38.32,3.8
P01792,Apex Series 1792,Sports,Nexa,262.72,3.5
P01793,Apex Classic 1793,Accessories,Prime,10.39,4.4
P01794,Urban Pro 1794,Home & Kitchen,Orion,119.2,4.5
P01795,Vertex Essential 1795,Grocery,Prime,8.23,3.9
P01796,Nexa Pro 1796,Fashion,Apex,154.79,4.1
P01797,Apex Essential 1797,Grocery,Zenith,48.07,4.5
P01798,Prime Plus 1798,Beauty,Core,142.42,3.8
P01799,Prime Plus 1799,Beauty,Vertex,78.12,4.5
P01800,Nova Series 1800,Toys,Vertex,4.94,3.6
P01801,Vertex Pro 1801,Sports,Zenith,25.82,4.3
P01802,Nexa Essential 1802,Beauty,Apex,11.33,3.4
P01803,Nova Series 1803,Toys,Nova,134.25,4.8
P01804,Orion Series 1804,Fashion,Core,71.94,4.5
P01805,Core Plus 1805,Accessories,Urban,40.11,5.0
P01806,Orion Essential 1806,Sports,Orion,24.15,3.6
P01807,Nexa Plus 1807,Fashion,Nexa,51.24,4.5
P01808,Prime Max 1808,Home & Kitchen,Zenith,14.78,4.1
P01809,Core Plus 1809,Toys,Vertex,45.08,3.3
P01810,Orion Essential 1810,Toys,Urban,31.32,4.2
P01811,Nova Plus 1811,Sports,Vertex,16.78,4.4
P01812,Vertex Series 1812,Beauty,Apex,65.45,5.0
P01813,Apex Pro 1813,Home & Kitchen,Urban,191.06,3.8
P01814,Apex Essential 1814,Home & Kitchen,Nova,9.68,4.4
P01815,Nexa Series 1815,Toys,Vertex,81.91,4.3
P01816,Core Essential 1816,Office,Orion,16.92,4.0
P01817,Zenith Series 1817,Toys,Nova,59.2,4.0
P01818,Apex Series 1818,Beauty,Nova,20.08,4.5
P01819,Core Classic 1819,Beauty,Nexa,26.73,4.0
P01820,Vertex Max 1820,Beauty,Apex,29.21,4.0
P01821,Vertex Plus 1821,Home & Kitchen,Urban,119.17,3.8
P01822,Apex Pro 1822,Accessories,Urban,32.22,3.3
P01823,Core Series 1823,Electronics,Vertex,25.79,4.6
P01824,Zenith Pro 1824,Grocery,Urban,32.48,3.8
P01825,Pulse Pro 1825,Books,Vertex,192.83,4.8
P01826,Zenith Plus 1826,Office,Orion,57.94,4.8
P01827,Prime Max 1827,Toys,Zenith,20.21,5.0
P01828,Urban Max 1828,Sports,Orion,134.79,4.3
P01829,Prime Max 1829,Books,Vertex,41.18,4.4
P01830,Prime Pro 1830,Books,Core,16.1,4.4
P01831,Vertex Classic 1831,Accessories,Prime,49.88,4.2
P01832,Pulse Series 1832,Office,Vertex,30.58,4.7
P01833,Prime Series 1833,Beauty,Apex,3.0,4.1
P01834,Apex Essential 1834,Sports,Vertex,47.14,4.4
P01835,Apex Pro 1835,Beauty,Prime,13.3,4.0
P01836,Prime Max 1836,Electronics,Nova,11.13,3.4
P01837,Core Pro 1837,Office,Prime,6.09,4.5
P01838,Urban Pro 1838,Books,Apex,39.28,2.6
P01839,Urban Max 1839,Sports,Orion,30.65,4.4
P01840,Vertex Max 1840,Beauty,Vertex,82.23,4.7
P01841,Zenith Essential 1841,Books,Nova,17.07,4.4
P01842,Nexa Pro 1842,Sports,Core,22.7,3.7
P01843,Nova Classic 1843,Fashion,Zenith,207.88,5.0
P01844,Urban Max 1844,Home & Kitchen,Nexa,5.92,5.0
P01845,Zenith Essential 1845,Books,Orion,104.55,4.5
P01846,Urban Essential 1846,Beauty,Orion,17.35,5.0
P01847,Nova Pro 1847,Office,Nexa,577.45,5.0
P01848,Vertex Essential 1848,Fashion,Vertex,67.04,3.7
P01849,Apex Pro 1849,Grocery,Apex,19.89,3.6
P01850,Core Essential 1850,Accessories,Apex,9.98,4.5
P01851,Nova Essential 1851,Toys,Apex,50.59,2.4
P01852,Nexa Series 1852,Home & Kitchen,Pulse,6.27,4.0
P01853,Orion Series 1853,Grocery,Nova,65.04,3.7
P01854,Urban Pro 1854,Sports,Core,9.98,4.0
P01855,Prime Max 1855,Office,Core,14.62,3.4
P01856,Core Max 1856,Toys,Prime,3.0,4.0
P01857,Prime Plus 1857,Sports,Pulse,39.35,4.4
P01858,Orion Max 1858,Home & Kitchen,Nexa,45.01,5.0
P01859,Prime Pro 1859,Beauty,Urban,35.91,4.4
P01860,Nova Classic 1860,Sports,Vertex,7.43,3.1
P01861,Apex Series 1861,Books,Pulse,127.3,4.1
P01862,Nexa Essential 1862,Sports,Apex,30.25,4.9
P01863,Nova Essential 1863,Office,Nova,21.88,4.0
P01864,Urban Classic 1864,Electronics,Orion,72.11,4.5
P01865,Apex Essential 1865,Electronics,Nexa,23.55,4.8
P01866,Nexa Max 1866,Fashion,Nexa,52.06,4.2
P01867,Prime Essential 1867,Accessories,Nova,17.34,4.3
P01868,Vertex Essential 1868,Home & Kitchen,Vertex,72.96,4.4
P01869,Vertex Max 1869,Office,Nova,71.29,3.9
P01870,Zenith Pro 1870,Sports,Zenith,23.28,4.0
P01871,Orion Series 1871,Accessories,Prime,40.14,3.6
P01872,Apex Pro 1872,Toys,Urban,34.23,3.8
P01873,Zenith Series 1873,Grocery,Pulse,31.27,4.5
P01874,Urban Max 1874,Home & Kitchen,Nexa,12.02,4.4
P01875,Prime Essential 1875,Sports,Zenith,13.64,3.5
P01876,Vertex Essential 1876,Accessories,Orion,24.74,3.6
P01877,Apex Plus 1877,Electronics,Core,37.24,3.8
P01878,Urban Classic 1878,Electronics,Orion,15.8,3.3
P01879,Orion Essential 1879,Office,Nexa,35.46,4.2
P01880,Orion Essential 1880,Grocery,Apex,4.46,3.8
P01881,Nova Classic 1881,Home & Kitchen,Apex,35.09,4.4
P01882,Prime Pro 1882,Accessories,Urban,37.52,4.7
P01883,Zenith Classic 1883,Office,Orion,73.13,3.2
P01884,Orion Classic 1884,Accessories,Orion,125.93,3.8
P01885,Prime Series 1885,Beauty,Orion,64.8,3.3
P01886,Zenith Pro 1886,Home & Kitchen,Vertex,176.45,3.1
P01887,Apex Classic 1887,Fashion,Zenith,34.09,4.4
P01888,Apex Plus 1888,Office,Nexa,36.49,4.2
P01889,Urban Plus 1889,Electronics,Nova,72.34,3.8
P01890,Pulse Series 1890,Fashion,Prime,31.79,3.6
P01891,Orion Plus 1891,Sports,Core,25.98,3.5
P01892,Urban Essential 1892,Fashion,Nexa,120.56,4.2
P01893,Prime Series 1893,Fashion,Apex,67.13,4.0
P01894,Prime Plus 1894,Office,Orion,63.38,3.6
P01895,Prime Max 1895,Books,Pulse,16.08,4.3
P01896,Pulse Series 1896,Fashion,Nexa,81.83,4.3
P01897,Pulse Essential 1897,Fashion,Pulse,37.69,3.6
P01898,Urban Classic 1898,Accessories,Prime,14.36,3.8
P01899,Zenith Series 1899,Home & Kitchen,Core,65.53,4.6
P01900,Apex Pro 1900,Electronics,Nova,11.9,4.5
P01901,Urban Plus 1901,Office,Apex,4.01,3.7
P01902,Prime Pro 1902,Grocery,Zenith,6.89,5.0
P01903,Zenith Plus 1903,Fashion,Urban,27.99,4.0
P01904,Orion Max 1904,Toys,Nova,140.1,4.5
P01905,Zenith Max 1905,Home & Kitchen,Vertex,46.38,3.5
P01906,Zenith Classic 1906,Grocery,Prime,31.92,4.0
P01907,Orion Pro 1907,Accessories,Vertex,114.73,3.6
P01908,Vertex Max 1908,Grocery,Nova,55.4,3.2
P01909,Zenith Classic 1909,Grocery,Urban,87.97,4.1
P01910,Pulse Classic 1910,Grocery,Nova,83.97,3.9
P01911,Nexa Max 1911,Toys,Prime,26.39,4.7
P01912,Nexa Classic 1912,Home & Kitchen,Vertex,28.41,3.8
P01913,Vertex Max 1913,Grocery,Nova,16.53,4.2
P01914,Urban Classic 1914,Sports,Orion,73.92,3.9
P01915,Zenith Classic 1915,Books,Urban,11.59,3.6
P01916,Core Series 1916,Beauty,Core,15.77,4.5
P01917,Vertex Series 1917,Electronics,Apex,32.86,3.8
P01918,Urban Pro 1918,Sports,Pulse,38.64,3.9
P01919,Orion Essential 1919,Fashion,Vertex,59.34,3.4
P01920,Vertex Essential 1920,Accessories,Apex,33.71,3.2
P01921,Orion Classic 1921,Beauty,Nexa,25.23,4.3
P01922,Pulse Pro 1922,Office,Urban,67.09,4.0
P01923,Urban Essential 1923,Home & Kitchen,Urban,79.7,4.6
P01924,Orion Plus 1924,Beauty,Orion,7.58,4.4
P01925,Prime Plus 1925,Fashion,Orion,91.65,3.4
P01926,Pulse Pro 1926,Fashion,Prime,26.08,4.1
P01927,Nexa Max 1927,Sports,Nexa,147.47,4.1
P01928,Vertex Pro 1928,Electronics,Nova,19.5,4.7
P01929,Vertex Essential 1929,Sports,Prime,14.3,4.8
P01930,Prime Essential 1930,Grocery,Pulse,62.71,3.1
P01931,Prime Max 1931,Office,Pulse,238.19,4.7
P01932,Nova Series 1932,Accessories,Vertex,8.12,4.6
P01933,Zenith Plus 1933,Electronics,Pulse,74.43,3.7
P01934,Nova Series 1934,Home & Kitchen,Core,57.95,4.1
P01935,Urban Series 1935,Home & Kitchen,Pulse,33.99,2.9
P01936,Core Essential 1936,Books,Nova,226.18,4.1
P01937,Pulse Classic 1937,Electronics,Prime,6.26,3.5
P01938,Prime Essential 1938,Electronics,Nova,95.25,4.4
P01939,Prime Plus 1939,Home & Kitchen,Urban,84.01,4.3
P01940,Prime Essential 1940,Beauty,Vertex,102.83,4.0
P01941,Vertex Essential 1941,Home & Kitchen,Prime,91.74,4.2
P01942,Nova Classic 1942,Beauty,Orion,43.26,3.7
P01943,Zenith Pro 1943,Fashion,Apex,26.6,3.5
P01944,Prime Max 1944,Fashion,Apex,20.21,5.0
P01945,Prime Series 1945,Accessories,Core,59.4,4.7
P01946,Nexa Series 1946,Grocery,Zenith,34.8,4.2
P01947,Apex Max 1947,Office,Zenith,28.95,4.0
P01948,Zenith Series 1948,Accessories,Nexa,21.26,5.0
P01949,Orion Max 1949,Electronics,Pulse,24.25,5.0
P01950,Nova Plus 1950,Sports,Prime,70.43,3.9
P01951,Urban Pro 1951,Beauty,Urban,35.59,3.6
P01952,Nova Series 1952,Accessories,Nova,103.92,4.1
P01953,Nova Classic 1953,Fashion,Core,10.36,3.9
P01954,Prime Classic 1954,Sports,Orion,61.18,3.6
P01955,Prime Essential 1955,Grocery,Vertex,14.13,4.9
P01956,Zenith Max 1956,Office,Prime,103.92,4.4
P01957,Pulse Classic 1957,Sports,Urban,106.45,3.9
P01958,Apex Classic 1958,Accessories,Urban,9.84,3.9
P01959,Nexa Plus 1959,Home & Kitchen,Vertex,17.57,4.1
P01960,Vertex Max 1960,Books,Nova,18.26,3.8
P01961,Prime Plus 1961,Sports,Orion,109.04,3.8
P01962,Urban Classic 1962,Accessories,Core,20.51,5.0
P01963,Zenith Pro 1963,Toys,Apex,65.13,3.6
P01964,Vertex Max 1964,Grocery,Core,19.3,2.9
P01965,Core Essential 1965,Toys,Nexa,92.13,4.5
P01966,Vertex Max 1966,Office,Urban,100.74,4.7
P01967,Prime Series 1967,Office,Nexa,157.32,4.2
P01968,Nexa Classic 1968,Sports,Nexa,30.0,3.2
P01969,Urban Series 1969,Sports,Core,35.09,4.0
P01970,Pulse Max 1970,Beauty,Nexa,30.88,3.8
P01971,Orion Series 1971,Home & Kitchen,Core,35.84,4.8
P01972,Zenith Max 1972,Accessories,Core,23.86,3.6
P01973,Prime Essential 1973,Office,Vertex,90.62,4.2
P01974,Orion Series 1974,Office,Apex,17.65,4.4
P01975,Zenith Pro 1975,Office,Pulse,30.73,3.6
P01976,Apex Essential 1976,Office,Pulse,41.62,3.8
P01977,Urban Essential 1977,Fashion,Nova,54.42,4.3
P01978,Orion Classic 1978,Fashion,Core,11.98,2.3
P01979,Orion Essential 1979,Fashion,Nova,28.05,4.8
P01980,Vertex Plus 1980,Grocery,Core,35.7,3.5
P01981,Prime Classic 1981,Books,Orion,72.05,4.1
P01982,Urban Essential 1982,Electronics,Zenith,28.88,3.4
P01983,Vertex Classic 1983,Fashion,Urban,31.93,4.8
P01984,Nova Plus 1984,Beauty,Urban,39.61,4.1
P01985,Vertex Classic 1985,Home & Kitchen,Apex,89.98,4.2
P01986,Vertex Series 1986,Books,Nexa,5.52,4.4
P01987,Nova Pro 1987,Office,Apex,38.51,4.7
P01988,Apex Essential 1988,Electronics,Pulse,100.26,3.5
P01989,Core Classic 1989,Electronics,Pulse,16.62,4.0
P01990,Nova Classic 1990,Grocery,Apex,17.77,4.8
P01991,Pulse Essential 1991,Beauty,Pulse,105.34,3.9
P01992,Nova Plus 1992,Electronics,Pulse,25.56,4.9
P01993,Urban Plus 1993,Toys,Apex,26.25,4.2
P01994,Nova Plus 1994,Accessories,Apex,44.92,3.9
P01995,Apex Max 1995,Office,Vertex,3.0,4.5
P01996,Nexa Pro 1996,Toys,Nova,6.81,4.0
P01997,Orion Max 1997,Electronics,Nexa,58.96,4.6
P01998,Orion Pro 1998,Electronics,Urban,28.08,3.8
P01999,Urban Plus 1999,Electronics,Nova,30.3,4.6
P02000,Zenith Series 2000,Grocery,Orion,19.37,4.3
